lims_pedon_id,user_pedon_id,LRR,MLRA,approved_indicators_present,number_approved_indicators_present,has_at_least_one_approved_indicator_present,number_applicable_priority_indicators,number_not_demonstrated,number_insufficient_information,all_applicable_indicators_insufficient_information,interpretation,likely_neon_site_code,areasymbol,mukey,musym,muname,nasis_taxon_name,nasis_taxonomy,match_confidence,match_evidence,selected_cokey,selected_compname,selected_comppct_r,selected_majcompflag,selected_drainagecl,selected_hydricrating,selected_hydric_criteria,ssurgo_hydric_rating,high_confidence_ssurgo_match,ssurgo_hydric_yes,ssurgo_hydric_no,field_indicator_present,has_explicit_negative_morphology_evidence,complete_priority_indicator_evaluation,evidence_class,core_reference_cohort,conflict_flag
24847,S2012ND093001,F,53B,,0,False,11,0,11,True,Indicator evidence only; no final hydric/nonhydric label assigned.,,ND093,3312341.0,C24A,"Parnell silty clay loam, 0 to 1 percent slopes, Missouri Coteau",Manning-Like,,UNMATCHED,No candidate has adequate name or taxonomic agreement.,,,,,,,,,False,False,False,False,False,False,LINKAGE_UNRESOLVED,False,False
34938,S2015ND093009,F,53B,,0,False,11,6,5,False,Indicator evidence only; no final hydric/nonhydric label assigned.,,ND093,2661634.0,C135D,"Zahl-Williams loams, 9 to 15 percent slopes",Zahl,"Fine-loamy, mixed, active, frigid Typic Calciustolls",EXACT,Unique exact normalized NASIS taxon/component-name match within the intersected map unit.,27719303.0,Zahl,41.0,Yes,Well drained,No,,no,True,False,True,False,True,False,PARTIAL_NEGATIVE_SUPPORT,False,False
34939,S2015ND093010,F,53B,,0,False,11,3,8,False,Indicator evidence only; no final hydric/nonhydric label assigned.,,ND093,2566841.0,C819B,"Lehr-Wabek loams, 2 to 6 percent slopes",Wabek,"Loamy-skeletal, mixed, frigid Entic Haplustolls",EXACT,Unique exact normalized NASIS taxon/component-name match within the intersected map unit.,27719366.0,Wabek,35.0,Yes,Excessively drained,No,,no,True,False,True,False,True,False,PARTIAL_NEGATIVE_SUPPORT,False,False
34940,S2015ND093013,F,53B,,0,False,11,1,10,False,Indicator evidence only; no final hydric/nonhydric label assigned.,,ND093,2566846.0,C156F,"Zahl-Max-Bowbells loams, 6 to 35 percent slopes",Typic Caciaquoll,"Fine, smectitic, frigid Typic Calciaquolls",AMBIGUOUS,Multiple plausible candidates remain without a decisive name/taxonomy margin.,,,,,,,,,False,False,False,False,True,False,LINKAGE_UNRESOLVED,False,False
34941,S2015ND093017,F,53B,,0,False,11,3,8,False,Indicator evidence only; no final hydric/nonhydric label assigned.,,ND093,2595591.0,C870E,"Wabek-Lehr-Appam complex, 9 to 25 percent slopes",Schaller,"Sandy, mixed, frigid Entic Haplustolls",AMBIGUOUS,Multiple plausible candidates remain without a decisive name/taxonomy margin.,,,,,,,,,False,False,False,False,True,False,LINKAGE_UNRESOLVED,False,False
34942,S2015ND093019,F,53B,,0,False,11,9,2,False,Indicator evidence only; no final hydric/nonhydric label assigned.,,ND093,2566844.0,C165F,"Zahl-Max-Parnell complex, 0 to 35 percent slopes",Max,"Fine-loamy, mixed, active, frigid Typic Haplustolls",EXACT,Unique exact normalized NASIS taxon/component-name match within the intersected map unit.,27720396.0,Max,26.0,Yes,Well drained,No,,no,True,False,True,False,True,False,PARTIAL_NEGATIVE_SUPPORT,False,False
34943,S2015ND093021,F,53B,,0,False,11,1,10,False,Indicator evidence only; no final hydric/nonhydric label assigned.,,ND093,2566844.0,C165F,"Zahl-Max-Parnell complex, 0 to 35 percent slopes",Colvin,"Fine-silty, mixed, superactive, frigid Typic Calciaquolls",AMBIGUOUS,Multiple plausible candidates remain without a decisive name/taxonomy margin.,,,,,,,,,False,False,False,False,True,False,LINKAGE_UNRESOLVED,False,False
34944,S2015ND093022,F,53B,,0,False,11,1,10,False,Indicator evidence only; no final hydric/nonhydric label assigned.,,ND093,2566829.0,C132C,"Williams-Zahl-Zahill complex, 6 to 9 percent slopes",Southam,"Fine, smectitic, calcareous, frigid Vertic Endoaquolls",AMBIGUOUS,Multiple plausible candidates remain without a decisive name/taxonomy margin.,,,,,,,,,False,False,False,False,True,False,LINKAGE_UNRESOLVED,False,False
34945,S2015ND093026,F,53B,,0,False,11,1,10,False,Indicator evidence only; no final hydric/nonhydric label assigned.,,ND093,3312341.0,C24A,"Parnell silty clay loam, 0 to 1 percent slopes, Missouri Coteau",Parnell,"Fine, smectitic, frigid Vertic Argiaquolls",EXACT,Unique exact normalized NASIS taxon/component-name match within the intersected map unit.,27720308.0,Parnell,64.0,Yes,Very poorly drained,Yes,2; 3,yes,True,True,False,False,True,False,SSURGO_POSITIVE_MORPH_NOT_DEMONSTRATED,False,False
34946,S2015ND093028,F,53B,,0,False,11,1,10,False,Indicator evidence only; no final hydric/nonhydric label assigned.,,ND093,3312344.0,C26A,"Tonka-Parnell complex, 0 to 1 percent slopes, Missouri Coteau",Parnell,"Fine, smectitic, frigid Vertic Argiaquolls",EXACT,Unique exact normalized NASIS taxon/component-name match within the intersected map unit.,27720298.0,Parnell,22.0,Yes,Very poorly drained,Yes,2; 3,yes,True,True,False,False,True,False,SSURGO_POSITIVE_MORPH_NOT_DEMONSTRATED,False,False
34947,S2015ND093029,F,53B,,0,False,11,1,10,False,Indicator evidence only; no final hydric/nonhydric label assigned.,,ND093,2566841.0,C819B,"Lehr-Wabek loams, 2 to 6 percent slopes",McDonaldsville,"Loamy-skeletal, mixed, superactive, frigid Typic Calciaquolls",AMBIGUOUS,Multiple plausible candidates remain without a decisive name/taxonomy margin.,,,,,,,,,False,False,False,False,True,False,LINKAGE_UNRESOLVED,False,False
34948,S2015ND093030,F,53B,,0,False,11,1,10,False,Indicator evidence only; no final hydric/nonhydric label assigned.,,ND093,3312341.0,C24A,"Parnell silty clay loam, 0 to 1 percent slopes, Missouri Coteau",SND,"Fine-loamy, carbonatic, frigid Cumulic Endoaquolls",EXACT,Unique exact normalized NASIS taxon/component-name match within the intersected map unit.,27720310.0,Southam,10.0,No ,Very poorly drained,Yes,2; 3,yes,True,True,False,False,True,False,SSURGO_POSITIVE_MORPH_NOT_DEMONSTRATED,False,False
34949,S2015ND093031,F,53B,,0,False,11,1,10,False,Indicator evidence only; no final hydric/nonhydric label assigned.,,ND093,2566841.0,C819B,"Lehr-Wabek loams, 2 to 6 percent slopes",Tonka,"Fine, smectitic, frigid Argiaquic Argialbolls",EXACT,Unique exact normalized NASIS taxon/component-name match within the intersected map unit.,27719362.0,Tonka,1.0,No ,Poorly drained,Yes,3; 2,yes,True,True,False,False,True,False,SSURGO_POSITIVE_MORPH_NOT_DEMONSTRATED,False,False
34950,S2015ND093032,F,53B,,0,False,11,3,8,False,Indicator evidence only; no final hydric/nonhydric label assigned.,,ND093,2595591.0,C870E,"Wabek-Lehr-Appam complex, 9 to 25 percent slopes",Roseglen,"Fine-loamy, mixed, superactive, frigid Pachic Haplustolls",AMBIGUOUS,Multiple plausible candidates remain without a decisive name/taxonomy margin.,,,,,,,,,False,False,False,False,True,False,LINKAGE_UNRESOLVED,False,False
34951,S2015ND093033,F,53B,,0,False,11,6,5,False,Indicator evidence only; no final hydric/nonhydric label assigned.,,ND093,2566841.0,C819B,"Lehr-Wabek loams, 2 to 6 percent slopes",Tansem,"Coarse-loamy, mixed, active, frigid Typic Haplustolls",AMBIGUOUS,Multiple plausible candidates remain without a decisive name/taxonomy margin.,,,,,,,,,False,False,False,False,True,False,LINKAGE_UNRESOLVED,False,False
34952,S2015ND093034,F,53B,F2,1,True,11,2,8,False,Indicator evidence only; no final hydric/nonhydric label assigned.,,ND093,3312344.0,C26A,"Tonka-Parnell complex, 0 to 1 percent slopes, Missouri Coteau",Zahl,"Coarse-loamy, mixed, superactive, frigid Typic Calciustolls",AMBIGUOUS,Multiple plausible candidates remain without a decisive name/taxonomy margin.,,,,,,,,,False,False,False,True,True,False,MORPH_POSITIVE_SSURGO_UNRESOLVED,False,False
35444,S2016ND059001,F,54,,0,False,11,3,8,False,Indicator evidence only; no final hydric/nonhydric label assigned.,NOGP,ND059,2699195.0,E1823A,"Parshall fine sandy loam, 0 to 2 percent slopes",Parshall,"Coarse-loamy, mixed, superactive, frigid Pachic Haplustolls",EXACT,Unique exact normalized NASIS taxon/component-name match within the intersected map unit.,27699832.0,Parshall,68.0,Yes,Well drained,No,,no,True,False,True,False,True,False,PARTIAL_NEGATIVE_SUPPORT,False,False
35445,S2016ND059003,F,54,,0,False,11,3,8,False,Indicator evidence only; no final hydric/nonhydric label assigned.,NOGP,ND059,2699207.0,E0837C,"Wyola silty clay loam, 6 to 9 percent slopes",Savage,"Fine, smectitic, frigid Vertic Argiustolls",EXACT,Unique exact normalized NASIS taxon/component-name match within the intersected map unit.,27699593.0,Wyola,69.0,Yes,Well drained,No,,no,True,False,True,False,True,False,PARTIAL_NEGATIVE_SUPPORT,False,False
35446,S2016ND059005,F,54,,0,False,11,8,3,False,Indicator evidence only; no final hydric/nonhydric label assigned.,NOGP,ND059,2520776.0,E3755A,"Temvik-Wilton silt loams, 0 to 3 percent slopes",Temvik,"Fine-silty, mixed, superactive, frigid Typic Haplustolls",EXACT,Unique exact normalized NASIS taxon/component-name match within the intersected map unit.,27700237.0,Temvik,51.0,Yes,Well drained,No,,no,True,False,True,False,True,False,PARTIAL_NEGATIVE_SUPPORT,False,False
35447,S2016ND059007,F,54,,0,False,11,6,5,False,Indicator evidence only; no final hydric/nonhydric label assigned.,NOGP,ND059,2699155.0,E2617F,"Cabba-Chama-Shambo loams, 9 to 50 percent slopes",Golva,"Fine-silty, mixed, superactive, frigid Typic Haplustolls",AMBIGUOUS,Multiple plausible candidates remain without a decisive name/taxonomy margin.,,,,,,,,,False,False,False,False,True,False,LINKAGE_UNRESOLVED,False,False
35448,S2016ND059008,F,54,,0,False,11,3,8,False,Indicator evidence only; no final hydric/nonhydric label assigned.,NOGP,ND059,1718353.0,E2601D,"Amor-Cabba loams, 9 to 15 percent slopes",Savage,"Fine, smectitic, frigid Vertic Argiustolls",AMBIGUOUS,Multiple plausible candidates remain without a decisive name/taxonomy margin.,,,,,,,,,False,False,False,False,True,False,LINKAGE_UNRESOLVED,False,False
35449,S2016ND059011,F,54,,0,False,11,6,5,False,Indicator evidence only; no final hydric/nonhydric label assigned.,NOGP,ND059,2759666.0,E1025C,"Regent-Wyola silty clay loams, 6 to 9 percent slopes",Morton,"Fine-silty, mixed, superactive, frigid Typic Argiustolls",AMBIGUOUS,Multiple plausible candidates remain without a decisive name/taxonomy margin.,,,,,,,,,False,False,False,False,True,False,LINKAGE_UNRESOLVED,False,False
35450,S2016ND059013,F,54,,0,False,11,3,8,False,Indicator evidence only; no final hydric/nonhydric label assigned.,NOGP,ND059,2520774.0,E1875D,"Telfer loamy fine sand, 6 to 15 percent slopes",Schaller,"Sandy, mixed, frigid Entic Haplustolls",AMBIGUOUS,Multiple plausible candidates remain without a decisive name/taxonomy margin.,,,,,,,,,False,False,False,False,True,False,LINKAGE_UNRESOLVED,False,False
35451,S2016ND059014,F,54,,0,False,11,6,5,False,Indicator evidence only; no final hydric/nonhydric label assigned.,NOGP,ND059,2699155.0,E2617F,"Cabba-Chama-Shambo loams, 9 to 50 percent slopes",Savage,"Fine, smectitic, frigid Vertic Argiustolls",AMBIGUOUS,Multiple plausible candidates remain without a decisive name/taxonomy margin.,,,,,,,,,False,False,False,False,True,False,LINKAGE_UNRESOLVED,False,False
35452,S2016ND059016,F,54,,0,False,11,6,5,False,Indicator evidence only; no final hydric/nonhydric label assigned.,NOGP,ND059,2699155.0,E2617F,"Cabba-Chama-Shambo loams, 9 to 50 percent slopes",Sen,"Fine-silty, mixed, superactive, frigid Typic Haplustolls",AMBIGUOUS,Multiple plausible candidates remain without a decisive name/taxonomy margin.,,,,,,,,,False,False,False,False,True,False,LINKAGE_UNRESOLVED,False,False
35453,S2016ND059017,F,54,,0,False,11,6,5,False,Indicator evidence only; no final hydric/nonhydric label assigned.,NOGP,ND059,2520776.0,E3755A,"Temvik-Wilton silt loams, 0 to 3 percent slopes",Wilton,"Fine-silty, mixed, superactive, frigid Pachic Haplustolls",EXACT,Unique exact normalized NASIS taxon/component-name match within the intersected map unit.,27700240.0,Wilton,38.0,Yes,Well drained,No,,no,True,False,True,False,True,False,PARTIAL_NEGATIVE_SUPPORT,False,False
35454,S2016ND059020,F,54,,0,False,11,6,5,False,Indicator evidence only; no final hydric/nonhydric label assigned.,NOGP,ND059,2699227.0,E4555D,"Wabek-Manning complex, 6 to 15 percent slopes",Chama,"Fine-silty, mixed, superactive, frigid Typic Calciustolls",EXACT,Unique exact normalized NASIS taxon/component-name match within the intersected map unit.,27699894.0,Chama,2.0,No ,Well drained,No,,no,True,False,True,False,True,False,PARTIAL_NEGATIVE_SUPPORT,False,False
35455,S2016ND059021,F,54,,0,False,11,3,8,False,Indicator evidence only; no final hydric/nonhydric label assigned.,NOGP,ND059,1718357.0,E2741D,"Cabba-Chama-Sen silt loams, 9 to 15 percent slopes",Farnuf,"Fine-loamy, mixed, superactive, frigid Typic Argiustolls",AMBIGUOUS,Multiple plausible candidates remain without a decisive name/taxonomy margin.,,,,,,,,,False,False,False,False,True,False,LINKAGE_UNRESOLVED,False,False
35456,S2016ND059022,F,54,,0,False,11,1,10,False,Indicator evidence only; no final hydric/nonhydric label assigned.,NOGP,ND059,1718337.0,E0811A,"Grail silty clay loam, 0 to 2 percent slopes",Cabba,"Loamy, mixed, superactive, calcareous, frigid Typic Ustorthents",UNMATCHED,No candidate has adequate name or taxonomic agreement.,,,,,,,,,False,False,False,False,True,False,LINKAGE_UNRESOLVED,False,False
35457,S2016ND059023,F,54,,0,False,11,6,5,False,Indicator evidence only; no final hydric/nonhydric label assigned.,NOGP,ND059,1718331.0,E0651B,"Regent-Janesburg complex, 3 to 6 percent slopes",Janesburg,"Fine, smectitic, frigid Typic Natrustolls",EXACT,Unique exact normalized NASIS taxon/component-name match within the intersected map unit.,27699478.0,Janesburg,28.0,Yes,Well drained,No,,no,True,False,True,False,True,False,PARTIAL_NEGATIVE_SUPPORT,False,False
35458,S2016ND059024,F,54,,0,False,11,3,8,False,Indicator evidence only; no final hydric/nonhydric label assigned.,NOGP,ND059,2520776.0,E3755A,"Temvik-Wilton silt loams, 0 to 3 percent slopes",Wilton,"Fine-silty, mixed, superactive, frigid Pachic Haplustolls",EXACT,Unique exact normalized NASIS taxon/component-name match within the intersected map unit.,27700240.0,Wilton,38.0,Yes,Well drained,No,,no,True,False,True,False,True,False,PARTIAL_NEGATIVE_SUPPORT,False,False
35459,S2016ND059027,F,54,,0,False,11,3,8,False,Indicator evidence only; no final hydric/nonhydric label assigned.,NOGP,ND059,2494863.0,E2601C,"Amor-Cabba loams, 6 to 9 percent slopes",Grail,"Fine, smectitic, frigid Pachic Vertic Argiustolls",MEDIUM,No name match; unique candidate supported by at least three taxonomic ranks.,27699633.0,Regent,5.0,No ,Well drained,No,,no,False,False,False,False,True,False,LINKAGE_UNRESOLVED,False,False
35460,S2016ND059030,F,54,,0,False,11,6,5,False,Indicator evidence only; no final hydric/nonhydric label assigned.,NOGP,ND059,1718353.0,E2601D,"Amor-Cabba loams, 9 to 15 percent slopes",Bryant,"Fine-silty, mixed, superactive, frigid Typic Haplustolls",AMBIGUOUS,Multiple plausible candidates remain without a decisive name/taxonomy margin.,,,,,,,,,False,False,False,False,True,False,LINKAGE_UNRESOLVED,False,False
35461,S2016ND059029,F,54,,0,False,11,3,8,False,Indicator evidence only; no final hydric/nonhydric label assigned.,NOGP,ND059,2699155.0,E2617F,"Cabba-Chama-Shambo loams, 9 to 50 percent slopes",Amor,"Fine-loamy, mixed, superactive, frigid Typic Haplustolls",EXACT,Unique exact normalized NASIS taxon/component-name match within the intersected map unit.,27699646.0,Amor,10.0,No ,Well drained,No,,no,True,False,True,False,True,False,PARTIAL_NEGATIVE_SUPPORT,False,False
37473,S2017ND093001,F,53B,,0,False,11,3,8,False,Indicator evidence only; no final hydric/nonhydric label assigned.,DCFS,ND093,2566846.0,C156F,"Zahl-Max-Bowbells loams, 6 to 35 percent slopes",Zahl,"Fine-loamy, mixed, superactive, frigid Typic Calciustolls",EXACT,Unique exact normalized NASIS taxon/component-name match within the intersected map unit.,27719277.0,Zahl,54.0,Yes,Well drained,No,,no,True,False,True,False,True,False,PARTIAL_NEGATIVE_SUPPORT,False,False
37474,S2017ND093004,F,55B,,0,False,11,1,10,False,Indicator evidence only; no final hydric/nonhydric label assigned.,DCFS,ND093,2581364.0,G273B,"Sioux-Arvilla complex, 2 to 6 percent slopes",Sioux,"Sandy or sandy-skeletal, mixed, superactive, frigid Entic Hapludolls",EXACT,Unique exact normalized NASIS taxon/component-name match within the intersected map unit.,27720215.0,Sioux,55.0,Yes,Excessively drained,No,,no,True,False,True,False,True,False,PARTIAL_NEGATIVE_SUPPORT,False,False
37475,S2017ND093007,F,53B,,0,False,11,6,5,False,Indicator evidence only; no final hydric/nonhydric label assigned.,DCFS,ND093,2566846.0,C156F,"Zahl-Max-Bowbells loams, 6 to 35 percent slopes",Williams,"Fine-loamy, mixed, superactive, frigid Typic Argiustolls",AMBIGUOUS,Multiple plausible candidates remain without a decisive name/taxonomy margin.,,,,,,,,,False,False,False,False,True,False,LINKAGE_UNRESOLVED,False,False
37476,S2017ND093010,F,53B,,0,False,11,6,5,False,Indicator evidence only; no final hydric/nonhydric label assigned.,DCFS,ND093,2566844.0,C165F,"Zahl-Max-Parnell complex, 0 to 35 percent slopes",Grail,"Fine, smectitic, frigid Vertic Argiustolls",AMBIGUOUS,Multiple plausible candidates remain without a decisive name/taxonomy margin.,,,,,,,,,False,False,False,False,True,False,LINKAGE_UNRESOLVED,False,False
37477,S2017ND093011,F,53B,,0,False,11,6,5,False,Indicator evidence only; no final hydric/nonhydric label assigned.,DCFS,ND093,2566829.0,C132C,"Williams-Zahl-Zahill complex, 6 to 9 percent slopes",Bowbells,"Fine-loamy, mixed, superactive, frigid Pachic Argiustolls",EXACT,Unique exact normalized NASIS taxon/component-name match within the intersected map unit.,27720412.0,Bowbells,9.0,No ,Moderately well drained,No,,no,True,False,True,False,True,False,PARTIAL_NEGATIVE_SUPPORT,False,False
37478,S2017ND093014,F,53B,,0,False,11,3,8,False,Indicator evidence only; no final hydric/nonhydric label assigned.,DCFS,ND093,2566846.0,C156F,"Zahl-Max-Bowbells loams, 6 to 35 percent slopes",Arnegard,"Fine-loamy, mixed, superactive, frigid Pachic Haplustolls",AMBIGUOUS,Multiple plausible candidates remain without a decisive name/taxonomy margin.,,,,,,,,,False,False,False,False,True,False,LINKAGE_UNRESOLVED,False,False
37479,S2017ND093016,F,53B,,0,False,11,6,5,False,Indicator evidence only; no final hydric/nonhydric label assigned.,DCFS,ND093,2566846.0,C156F,"Zahl-Max-Bowbells loams, 6 to 35 percent slopes",Bowbells,"Fine-loamy, mixed, superactive, frigid Pachic Argiustolls",EXACT,Unique exact normalized NASIS taxon/component-name match within the intersected map unit.,27719280.0,Bowbells,18.0,Yes,Moderately well drained,No,,no,True,False,True,False,True,False,PARTIAL_NEGATIVE_SUPPORT,False,False
37480,S2017ND093020,F,55B,,0,False,11,1,10,False,Indicator evidence only; no final hydric/nonhydric label assigned.,DCFS,ND093,2581321.0,G143C,"Barnes-Buse-Langhei loams, 6 to 9 percent slopes",Aastad,"Fine-loamy, mixed, superactive, frigid Pachic Argiudolls",AMBIGUOUS,Multiple plausible candidates remain without a decisive name/taxonomy margin.,,,,,,,,,False,False,False,False,True,False,LINKAGE_UNRESOLVED,False,False
37481,S2017ND093022,F,53B,,0,False,11,1,10,False,Indicator evidence only; no final hydric/nonhydric label assigned.,DCFS,ND093,3312341.0,C24A,"Parnell silty clay loam, 0 to 1 percent slopes, Missouri Coteau",Badger,"Fine, smectitic, frigid Vertic Argiaquolls",MEDIUM,No name match; unique candidate supported by at least three taxonomic ranks.,27720308.0,Parnell,64.0,Yes,Very poorly drained,Yes,2; 3,yes,False,False,False,False,True,False,LINKAGE_UNRESOLVED,False,False
37482,S2017ND093023,F,53B,,0,False,11,6,5,False,Indicator evidence only; no final hydric/nonhydric label assigned.,DCFS,ND093,2566846.0,C156F,"Zahl-Max-Bowbells loams, 6 to 35 percent slopes",Williams,"Fine-loamy, mixed, superactive, frigid Typic Argiustolls",AMBIGUOUS,Multiple plausible candidates remain without a decisive name/taxonomy margin.,,,,,,,,,False,False,False,False,True,False,LINKAGE_UNRESOLVED,False,False
37483,S2017ND093027,F,53B,,0,False,11,3,8,False,Indicator evidence only; no final hydric/nonhydric label assigned.,DCFS,ND093,2566846.0,C156F,"Zahl-Max-Bowbells loams, 6 to 35 percent slopes",Bowbells,"Fine-loamy, superactive, frigid Pachic Argiustolls",EXACT,Unique exact normalized NASIS taxon/component-name match within the intersected map unit.,27719280.0,Bowbells,18.0,Yes,Moderately well drained,No,,no,True,False,True,False,True,False,PARTIAL_NEGATIVE_SUPPORT,False,False
37484,S2017ND093029,F,53B,,0,False,11,3,8,False,Indicator evidence only; no final hydric/nonhydric label assigned.,DCFS,ND093,2566846.0,C156F,"Zahl-Max-Bowbells loams, 6 to 35 percent slopes",Grail,"Fine, smectitic, nonacid, frigid Pachic Vertic Argiustolls",AMBIGUOUS,Multiple plausible candidates remain without a decisive name/taxonomy margin.,,,,,,,,,False,False,False,False,True,False,LINKAGE_UNRESOLVED,False,False
37485,S2017ND093030,F,55B,,0,False,11,1,10,False,Indicator evidence only; no final hydric/nonhydric label assigned.,DCFS,ND093,2581363.0,G273A,"Sioux-Arvilla complex, 0 to 2 percent slopes",Renshaw,"Fine-loamy over sandy or sandy-skeletal, mixed, superactive, frigid Calcic Hapludolls",AMBIGUOUS,Multiple plausible candidates remain without a decisive name/taxonomy margin.,,,,,,,,,False,False,False,False,True,False,LINKAGE_UNRESOLVED,False,False
37486,S2017ND093063,F,53B,,0,False,11,1,10,False,Indicator evidence only; no final hydric/nonhydric label assigned.,DCFS,ND093,3312341.0,C24A,"Parnell silty clay loam, 0 to 1 percent slopes, Missouri Coteau",Parnell,"Fine, smectitic, frigid Vertic Argiaquolls",EXACT,Unique exact normalized NASIS taxon/component-name match within the intersected map unit.,27720308.0,Parnell,64.0,Yes,Very poorly drained,Yes,2; 3,yes,True,True,False,False,True,False,SSURGO_POSITIVE_MORPH_NOT_DEMONSTRATED,False,False
