lims_pedon_id,lims_pedon_natural_key,user_pedon_id,observation_date_id,pedon_unit,pedon_status,part_size_cntrl_depth_to_top,part_size_cntrl_depth_to_bot,lims_site_id,user_site_id,horizontal_datum_name,latitude_degrees,latitude_minutes,latitude_seconds,latitude_direction,longitude_degrees,longitude_minutes,longitude_seconds,longitude_direction,latitude_std_decimal_degrees,longitude_std_decimal_degrees,proj_id,lab_proj_name,submit_proj_name,project_source,proj_type,proj_status,fiscal_year,proj_submit_date_id,proj_export_date_id,proj_due_date_id,proj_est_comp_date_id,project_folder_path,proj_note,horizon_count_kssl,maximum_profile_depth_cm,surface_horizon_designation,surface_top_depth_cm,surface_bottom_depth_cm,has_g_designated_horizon,g_designated_horizon_count,horizons_with_mir,mir_scan_count,has_any_selected_chemistry,horizons_with_organic_carbon,has_organic_carbon,horizons_with_total_carbon,has_total_carbon,horizons_with_fe_dithionite,has_fe_dithionite,horizons_with_fe_oxalate,has_fe_oxalate,horizons_with_clay,has_clay,horizons_with_sand,has_sand,horizons_with_silt,has_silt,horizons_with_ph_water,has_ph_water,horizons_with_ph_cacl2,has_ph_cacl2,horizons_with_cec_nh4oac,has_cec_nh4oac,horizons_with_water_retention_15bar,has_water_retention_15bar,horizons_with_water_retention_third_bar,has_water_retention_third_bar,current_taxon_name,current_taxon_kind,current_series_status,current_taxonomic_classification_name,current_taxonomic_order,current_taxonomic_suborder,current_taxonomic_great_group,current_taxonomic_subgroup,current_taxonomic_family_particle_size,current_taxonomic_family_part_size_mod,current_taxonomic_family_c_e_act_class,current_taxonomic_family_reaction,current_taxonomic_family_temp_class,current_taxonomic_family_haht_mat_class,current_taxonomic_moisture_subclass,current_taxonomic_temp_regime,current_taxonomic_classification_type,current_taxonomic_classification_date_id,current_lims_pedon_tax_hist_id,taxonomy_history_record_count,taxonomy_history_record_ids,historical_classification_types,historical_taxon_names,historical_classification_names,historical_orders,historical_suborders,historical_great_groups,historical_subgroups,area_record_count,area_ids,area_types,area_codes,soil_survey_area_symbols,soil_survey_area_names,likely_neon_site_code,has_coordinates,coordinate_source,coordinate_precision_available,current_taxonomy_selection_note,sample_count,sample_ids,sample_submit_ids,sample_received_date_ids,sample_login_date_ids,sample_types,sample_conditions,sample_statuses,earliest_sample_received_date_id,latest_sample_received_date_id,earliest_sample_login_date_id,latest_sample_login_date_id,observation_date_iso,proj_submit_date_iso,proj_export_date_iso,proj_due_date_iso,proj_est_comp_date_iso,earliest_sample_received_date_iso,latest_sample_received_date_iso,earliest_sample_login_date_iso,latest_sample_login_date_iso,retrieval_success,number_of_matching_pedon_records,exact_identifier_match,returned_user_pedon_ids,site_id,latitude,longitude,observation_date,current_correlated_soil_name,taxonomy,drainage_class,flooding,ponding,horizon_count_nasis,maximum_described_depth_cm,certified_lab_pedon_description,record_origin,usable_morphology,request_error,raw_html_file
34938,16N0383,S2015ND093009,,,not started,25.0,100.0,28773,S2015ND093009,WGS84,,,,north,,,,west,47.144874,-99.233198,4878,C2016USND034,Site_C NEON ND Stutsman Co.,NEON,characterization,completed,2016,,,,,\\aioneli93ap1\Read_Write\LIMS_PROJECTS\C2016USND034\,VNIR - 7/2019 Caco reruns 12/2016 pj,4,100.0,A,0.0,20.0,0,0,4,20,1,4,1,4,1,4,1,4,1,4,1,4,1,4,1,4,1,4,1,4,1,4,1,4,1,Zahl,series,established,"Fine-loamy, mixed, superactive, frigid Typic Calciustoll",mollisols,ustolls,calciustolls,typic calciustolls,fine-loamy,,superactive,,frigid,,,,sampled as,42326.0,12485.0,1.0,12485,sampled as,Zahl,"Fine-loamy, mixed, superactive, frigid Typic Calciustoll",mollisols,ustolls,calciustolls,typic calciustolls,5,244 | 3981 | 6105 | 7621 | 8335,country | county | mlra | ssa | state_admin_div,53B | ND | ND093 | US,ND093,"Stutsman County, North Dakota",,1,lims_site standardized decimal degrees,0,Highest classification-date ID then taxonomy-history ID; verify against authoritative NASIS,4,242076 | 242077 | 242078 | 242079,,42396,42396,bulk,normal,submitted,42396,42396,42396,42396,,,,,,2016-01-27,2016-01-27,2016-01-27,2016-01-27,1,1,1,S2015ND093009,S2015ND093009,47.146,-99.233,11/18/2015 (entry creation date),Zahl,"Fine-loamy, mixed, active, frigid Typic Calciustolls",well,,,4,100.0,yes,NASIS,1,,outputs\tables\kssl_neon_linkage\nasis_raw_html\S2015ND093009.html
34939,16N0384,S2015ND093010,,,not started,25.0,100.0,28774,S2015ND093010,WGS84,,,,north,,,,west,47.1465,-99.225673,4878,C2016USND034,Site_C NEON ND Stutsman Co.,NEON,characterization,completed,2016,,,,,\\aioneli93ap1\Read_Write\LIMS_PROJECTS\C2016USND034\,VNIR - 7/2019 Caco reruns 12/2016 pj,3,100.0,A,0.0,18.0,0,0,3,12,1,3,1,3,1,3,1,3,1,3,1,3,1,3,1,3,1,3,1,3,1,3,1,2,1,Wabeck,series,proposed,"Fine-loamy over sandy or sandy-skeletal, mixed, frigid Typic Haplustoll",mollisols,ustolls,haplustolls,typic haplustolls,fine-loamy over sandy or sandy-skeletal,,,,frigid,,,,sampled as,42326.0,12486.0,1.0,12486,sampled as,Wabeck,"Fine-loamy over sandy or sandy-skeletal, mixed, frigid Typic Haplustoll",mollisols,ustolls,haplustolls,typic haplustolls,5,244 | 3981 | 6105 | 7621 | 8335,country | county | mlra | ssa | state_admin_div,53B | ND | ND093 | US,ND093,"Stutsman County, North Dakota",,1,lims_site standardized decimal degrees,0,Highest classification-date ID then taxonomy-history ID; verify against authoritative NASIS,3,242080 | 242081 | 242082,,42396,42396,bulk,normal,submitted,42396,42396,42396,42396,,,,,,2016-01-27,2016-01-27,2016-01-27,2016-01-27,1,1,1,S2015ND093010,S2015ND093010,47.1465,-99.225673,11/18/2015 (entry creation date),Wabek,"Loamy-skeletal, mixed, frigid Entic Haplustolls",excessively,,,3,100.0,yes,NASIS,1,,outputs\tables\kssl_neon_linkage\nasis_raw_html\S2015ND093010.html
34940,16N0385,S2015ND093013,,,not started,25.0,100.0,28775,S2015ND093013,WGS84,,,,north,,,,west,47.137,-99.229,4878,C2016USND034,Site_C NEON ND Stutsman Co.,NEON,characterization,completed,2016,,,,,\\aioneli93ap1\Read_Write\LIMS_PROJECTS\C2016USND034\,VNIR - 7/2019 Caco reruns 12/2016 pj,4,100.0,A,0.0,25.0,0,0,4,16,1,4,1,4,1,4,1,4,1,4,1,4,1,4,1,4,1,4,1,4,1,4,1,3,1,Wyard,series,established,"Fine-loamy, mixed, superactive, frigid Typic Endoaquoll",mollisols,aquolls,endoaquolls,typic endoaquolls,fine-loamy,,superactive,,frigid,,,,sampled as,42326.0,12487.0,1.0,12487,sampled as,Wyard,"Fine-loamy, mixed, superactive, frigid Typic Endoaquoll",mollisols,aquolls,endoaquolls,typic endoaquolls,5,244 | 3981 | 6105 | 7621 | 8335,country | county | mlra | ssa | state_admin_div,53B | ND | ND093 | US,ND093,"Stutsman County, North Dakota",,1,lims_site standardized decimal degrees,0,Highest classification-date ID then taxonomy-history ID; verify against authoritative NASIS,4,242083 | 242084 | 242085 | 242086,,42396,42396,bulk,normal,submitted,42396,42396,42396,42396,,,,,,2016-01-27,2016-01-27,2016-01-27,2016-01-27,1,1,1,S2015ND093013,S2015ND093013,47.136,-99.233,11/18/2015 (entry creation date),Typic Caciaquoll,"Fine, smectitic, frigid Typic Calciaquolls",somewhat poorly,,,4,100.0,yes,NASIS,1,,outputs\tables\kssl_neon_linkage\nasis_raw_html\S2015ND093013.html
34941,16N0386,S2015ND093017,,,not started,25.0,100.0,28776,S2015ND093017,WGS84,,,,north,,,,west,47.137,-99.234,4878,C2016USND034,Site_C NEON ND Stutsman Co.,NEON,characterization,completed,2016,,,,,\\aioneli93ap1\Read_Write\LIMS_PROJECTS\C2016USND034\,VNIR - 7/2019 Caco reruns 12/2016 pj,5,200.0,A,0.0,26.0,0,0,5,28,1,5,1,5,1,5,1,5,1,5,1,5,1,5,1,5,1,5,1,5,1,5,1,1,1,Schaller,series,established,"Sandy, mixed, frigid Entic Haplustoll",mollisols,ustolls,haplustolls,entic haplustolls,sandy,,,,frigid,,,,sampled as,42312.0,12488.0,1.0,12488,sampled as,Schaller,"Sandy, mixed, frigid Entic Haplustoll",mollisols,ustolls,haplustolls,entic haplustolls,5,244 | 3981 | 6105 | 7621 | 8335,country | county | mlra | ssa | state_admin_div,53B | ND | ND093 | US,ND093,"Stutsman County, North Dakota",,1,lims_site standardized decimal degrees,0,Highest classification-date ID then taxonomy-history ID; verify against authoritative NASIS,5,242087 | 242088 | 242089 | 242090 | 242091,,42396,42396,bulk,normal,submitted,42396,42396,42396,42396,,,,,,2016-01-27,2016-01-27,2016-01-27,2016-01-27,1,1,1,S2015ND093017,S2015ND093017,47.131,-99.234,11/4/2015 (actual site observation date),Schaller,"Sandy, mixed, frigid Entic Haplustolls",excessively,,,5,200.0,yes,NASIS,1,,outputs\tables\kssl_neon_linkage\nasis_raw_html\S2015ND093017.html
34942,16N0387,S2015ND093019,,,not started,14.0,47.0,28777,S2015ND093019,WGS84,,,,north,,,,west,47.146553,-99.245216,4878,C2016USND034,Site_C NEON ND Stutsman Co.,NEON,characterization,completed,2016,,,,,\\aioneli93ap1\Read_Write\LIMS_PROJECTS\C2016USND034\,VNIR - 7/2019 Caco reruns 12/2016 pj,5,200.0,A,0.0,14.0,0,0,5,20,1,5,1,5,1,5,1,5,1,5,1,5,1,5,1,5,1,5,1,5,1,5,1,3,1,Williams,series,established,"Fine-loamy, mixed, superactive, frigid Typic Argiustoll",mollisols,ustolls,argiustolls,typic argiustolls,fine-loamy,,superactive,,frigid,,,,sampled as,42311.0,12489.0,1.0,12489,sampled as,Williams,"Fine-loamy, mixed, superactive, frigid Typic Argiustoll",mollisols,ustolls,argiustolls,typic argiustolls,5,244 | 3981 | 6105 | 7621 | 8335,country | county | mlra | ssa | state_admin_div,53B | ND | ND093 | US,ND093,"Stutsman County, North Dakota",,1,lims_site standardized decimal degrees,0,Highest classification-date ID then taxonomy-history ID; verify against authoritative NASIS,5,242092 | 242093 | 242094 | 242095 | 242096,,42396,42396,bulk,normal,submitted,42396,42396,42396,42396,,,,,,2016-01-27,2016-01-27,2016-01-27,2016-01-27,1,1,1,S2015ND093019,S2015ND093019,47.146553,-99.245216,11/3/2015 (actual site observation date),Max,"Fine-loamy, mixed, active, frigid Typic Haplustolls",well,,,5,200.0,yes,NASIS,1,,outputs\tables\kssl_neon_linkage\nasis_raw_html\S2015ND093019.html
34943,16N0388,S2015ND093021,,,not started,25.0,100.0,28778,S2015ND093021,WGS84,,,,north,,,,west,47.146,-99.244,4878,C2016USND034,Site_C NEON ND Stutsman Co.,NEON,characterization,completed,2016,,,,,\\aioneli93ap1\Read_Write\LIMS_PROJECTS\C2016USND034\,VNIR - 7/2019 Caco reruns 12/2016 pj,5,200.0,Oe,0.0,18.0,1,3,5,20,1,5,1,5,1,5,1,5,1,5,1,5,1,5,1,5,1,5,1,5,1,5,1,0,0,Colvin,series,established,"Fine-silty, mixed, superactive, frigid Typic Calciaquoll",mollisols,aquolls,calciaquolls,typic calciaquolls,fine-silty,,superactive,,frigid,,,,sampled as,42311.0,12490.0,1.0,12490,sampled as,Colvin,"Fine-silty, mixed, superactive, frigid Typic Calciaquoll",mollisols,aquolls,calciaquolls,typic calciaquolls,5,244 | 3981 | 6105 | 7621 | 8335,country | county | mlra | ssa | state_admin_div,53B | ND | ND093 | US,ND093,"Stutsman County, North Dakota",,1,lims_site standardized decimal degrees,0,Highest classification-date ID then taxonomy-history ID; verify against authoritative NASIS,5,242097 | 242098 | 242099 | 242100 | 242101,,42396,42396,bulk,normal,submitted,42396,42396,42396,42396,,,,,,2016-01-27,2016-01-27,2016-01-27,2016-01-27,1,1,1,S2015ND093021,S2015ND093021,47.146,-99.244,11/3/2015 (actual site observation date),Colvin,"Fine-silty, mixed, superactive, frigid Typic Calciaquolls",poorly,,frequent ponding for very long periods,5,200.0,yes,NASIS,1,,outputs\tables\kssl_neon_linkage\nasis_raw_html\S2015ND093021.html
34944,16N0389,S2015ND093022,,,not started,25.0,100.0,28779,S2015ND093022,WGS84,,,,north,,,,west,47.146167,-99.263711,4878,C2016USND034,Site_C NEON ND Stutsman Co.,NEON,characterization,completed,2016,,,,,\\aioneli93ap1\Read_Write\LIMS_PROJECTS\C2016USND034\,VNIR - 7/2019 Caco reruns 12/2016 pj,4,200.0,Oe,0.0,18.0,1,2,4,20,1,4,1,4,1,4,1,4,1,4,1,4,1,4,1,4,1,4,1,4,1,4,1,0,0,Southam,taxadjunct,established,"Fine, smectitic, calcareous, frigid Vertic Endoaquoll",mollisols,aquolls,endoaquolls,vertic endoaquolls,fine,,,calcareous,frigid,,,,sampled as,42311.0,12491.0,1.0,12491,sampled as,Southam,"Fine, smectitic, calcareous, frigid Vertic Endoaquoll",mollisols,aquolls,endoaquolls,vertic endoaquolls,5,244 | 3981 | 6105 | 7621 | 8335,country | county | mlra | ssa | state_admin_div,53B | ND | ND093 | US,ND093,"Stutsman County, North Dakota",,1,lims_site standardized decimal degrees,0,Highest classification-date ID then taxonomy-history ID; verify against authoritative NASIS,4,242102 | 242103 | 242104 | 242105,,42396,42396,bulk,normal,submitted,42396,42396,42396,42396,,,,,,2016-01-27,2016-01-27,2016-01-27,2016-01-27,1,1,1,S2015ND093022,S2015ND093022,47.1461,-99.266,11/3/2015 (actual site observation date),Southam,"Fine, smectitic, calcareous, frigid Vertic Endoaquolls",very poorly,,frequent ponding for very long periods,4,200.0,yes,NASIS,1,,outputs\tables\kssl_neon_linkage\nasis_raw_html\S2015ND093022.html
34945,16N0390,S2015ND093026,,,not started,36.0,100.0,28780,S2015ND093026,WGS84,,,,north,,,,west,47.151072,-99.253018,4878,C2016USND034,Site_C NEON ND Stutsman Co.,NEON,characterization,completed,2016,,,,,\\aioneli93ap1\Read_Write\LIMS_PROJECTS\C2016USND034\,VNIR - 7/2019 Caco reruns 12/2016 pj,7,200.0,Oi,0.0,2.0,1,4,7,28,1,7,1,7,1,7,1,7,1,7,1,7,1,7,1,6,1,6,1,7,1,7,1,0,0,Parnell,series,established,"Fine, smectitic, frigid Vertic Argiaquoll",mollisols,aquolls,argiaquolls,vertic argiaquolls,fine,,,,frigid,,,,sampled as,42306.0,12492.0,1.0,12492,sampled as,Parnell,"Fine, smectitic, frigid Vertic Argiaquoll",mollisols,aquolls,argiaquolls,vertic argiaquolls,5,244 | 3981 | 6105 | 7621 | 8335,country | county | mlra | ssa | state_admin_div,53B | ND | ND093 | US,ND093,"Stutsman County, North Dakota",,1,lims_site standardized decimal degrees,0,Highest classification-date ID then taxonomy-history ID; verify against authoritative NASIS,7,242106 | 242107 | 242108 | 242109 | 242110 | 242111 | 242112,,42396,42396,bulk,normal,submitted,42396,42396,42396,42396,,,,,,2016-01-27,2016-01-27,2016-01-27,2016-01-27,1,1,1,S2015ND093026,S2015ND093026,47.151072,-99.253018,10/29/2015 (actual site observation date),Parnell,"Fine, smectitic, frigid Vertic Argiaquolls",very poorly,,frequent ponding for very long periods,7,200.0,yes,NASIS,1,,outputs\tables\kssl_neon_linkage\nasis_raw_html\S2015ND093026.html
34946,16N0391,S2015ND093028,,,not started,25.0,53.0,28781,S2015ND093028,WGS84,,,,north,,,,west,47.140568,-99.252037,4878,C2016USND034,Site_C NEON ND Stutsman Co.,NEON,characterization,completed,2016,,,,,\\aioneli93ap1\Read_Write\LIMS_PROJECTS\C2016USND034\,VNIR - 7/2019 Caco reruns 12/2016 pj,6,200.0,Oi,0.0,5.0,1,4,6,24,1,6,1,6,1,6,1,6,1,6,1,6,1,6,1,6,1,6,1,6,1,6,1,3,1,Parnell,series,established,"Fine, smectitic, frigid Vertic Argiaquoll",mollisols,aquolls,argiaquolls,vertic argiaquolls,fine,,,,frigid,,,,sampled as,42310.0,12493.0,1.0,12493,sampled as,Parnell,"Fine, smectitic, frigid Vertic Argiaquoll",mollisols,aquolls,argiaquolls,vertic argiaquolls,5,244 | 3981 | 6105 | 7621 | 8335,country | county | mlra | ssa | state_admin_div,53B | ND | ND093 | US,ND093,"Stutsman County, North Dakota",,1,lims_site standardized decimal degrees,0,Highest classification-date ID then taxonomy-history ID; verify against authoritative NASIS,6,242113 | 242114 | 242115 | 242116 | 242117 | 242118,,42396,42396,bulk,normal,submitted,42396,42396,42396,42396,,,,,,2016-01-27,2016-01-27,2016-01-27,2016-01-27,1,1,1,S2015ND093028,S2015ND093028,47.140568,-99.252037,11/2/2015 (actual site observation date),Parnell,"Fine, smectitic, frigid Vertic Argiaquolls",poorly,,frequent ponding for very long periods,6,200.0,yes,NASIS,1,,outputs\tables\kssl_neon_linkage\nasis_raw_html\S2015ND093028.html
34947,16N0392,S2015ND093029,,,not started,25.0,100.0,28782,S2015ND093029,WGS84,,,,north,,,,west,47.122,-99.239,4878,C2016USND034,Site_C NEON ND Stutsman Co.,NEON,characterization,completed,2016,,,,,\\aioneli93ap1\Read_Write\LIMS_PROJECTS\C2016USND034\,VNIR - 7/2019 Caco reruns 12/2016 pj,5,100.0,Oi,0.0,1.0,1,2,5,24,1,5,1,5,1,5,1,5,1,4,1,4,1,4,1,5,1,5,1,5,1,5,1,0,0,Mcdonaldsville,taxadjunct,established,"Clayey over sandy or sandy-skeletal, smectitic, frigid Vertic Epiaquoll",mollisols,aquolls,epiaquolls,vertic epiaquolls,clayey over sandy or sandy-skeletal,,,,frigid,,,,sampled as,42312.0,12494.0,1.0,12494,sampled as,Mcdonaldsville,"Clayey over sandy or sandy-skeletal, smectitic, frigid Vertic Epiaquoll",mollisols,aquolls,epiaquolls,vertic epiaquolls,5,244 | 3981 | 6105 | 7621 | 8335,country | county | mlra | ssa | state_admin_div,53B | ND | ND093 | US,ND093,"Stutsman County, North Dakota",,1,lims_site standardized decimal degrees,0,Highest classification-date ID then taxonomy-history ID; verify against authoritative NASIS,5,242119 | 242120 | 242121 | 242122 | 242123,,42396,42396,bulk,normal,submitted,42396,42396,42396,42396,,,,,,2016-01-27,2016-01-27,2016-01-27,2016-01-27,1,1,1,S2015ND093029,S2015ND093029,47.122,-99.239,11/4/2015 (actual site observation date),McDonaldsville,"Loamy-skeletal, mixed, superactive, frigid Typic Calciaquolls",very poorly,,frequent ponding for very long periods,5,100.0,yes,NASIS,1,,outputs\tables\kssl_neon_linkage\nasis_raw_html\S2015ND093029.html
34948,16N0393,S2015ND093030,,,not started,25.0,100.0,28783,S2015ND093030,WGS84,,,,north,,,,west,47.137925,-99.243418,4878,C2016USND034,Site_C NEON ND Stutsman Co.,NEON,characterization,completed,2016,,,,,\\aioneli93ap1\Read_Write\LIMS_PROJECTS\C2016USND034\,VNIR - 7/2019 Caco reruns 12/2016 pj,5,200.0,Ag1,15.0,23.0,1,5,5,24,1,5,1,5,1,5,1,5,1,5,1,5,1,5,1,5,1,5,1,5,1,5,1,0,0,Southam,series,established,"Fine, smectitic, calcareous, frigid Cumulic Vertic Endoaquoll",mollisols,aquolls,endoaquolls,cumulic vertic endoaquolls,fine,,,calcareous,frigid,,,,sampled as,42310.0,12495.0,1.0,12495,sampled as,Southam,"Fine, smectitic, calcareous, frigid Cumulic Vertic Endoaquoll",mollisols,aquolls,endoaquolls,cumulic vertic endoaquolls,5,244 | 3981 | 6105 | 7621 | 8335,country | county | mlra | ssa | state_admin_div,53B | ND | ND093 | US,ND093,"Stutsman County, North Dakota",,1,lims_site standardized decimal degrees,0,Highest classification-date ID then taxonomy-history ID; verify against authoritative NASIS,5,242125 | 242126 | 242127 | 242128 | 242129,,42396,42396,bulk,normal,submitted,42396,42396,42396,42396,,,,,,2016-01-27,2016-01-27,2016-01-27,2016-01-27,1,1,1,S2015ND093030,S2015ND093030,47.137925,-99.243418,11/2/2015 (actual site observation date),SND,"Fine-loamy, carbonatic, frigid Cumulic Endoaquolls",very poorly,,frequent ponding for very long periods,6,200.0,yes,NASIS,1,,outputs\tables\kssl_neon_linkage\nasis_raw_html\S2015ND093030.html
34949,16N0394,S2015ND093031,,,not started,35.0,100.0,28784,S2015ND093031,WGS84,,,,north,,,,west,47.128,-99.243,4878,C2016USND034,Site_C NEON ND Stutsman Co.,NEON,characterization,completed,2016,,,,,\\aioneli93ap1\Read_Write\LIMS_PROJECTS\C2016USND034\,VNIR - 7/2019 Caco reruns 12/2016 pj,4,100.0,A,0.0,29.0,0,0,4,16,1,4,1,4,1,4,1,4,1,4,1,4,1,4,1,4,1,4,1,4,1,4,1,0,0,Tonka,series,established,"Fine, smectitic, frigid Argiaquic Argialboll",mollisols,albolls,argialbolls,argiaquic argialbolls,fine,,,,frigid,,,,sampled as,42326.0,12496.0,1.0,12496,sampled as,Tonka,"Fine, smectitic, frigid Argiaquic Argialboll",mollisols,albolls,argialbolls,argiaquic argialbolls,5,244 | 3981 | 6105 | 7621 | 8335,country | county | mlra | ssa | state_admin_div,53B | ND | ND093 | US,ND093,"Stutsman County, North Dakota",,1,lims_site standardized decimal degrees,0,Highest classification-date ID then taxonomy-history ID; verify against authoritative NASIS,4,242130 | 242131 | 242132 | 242133,,42396,42396,bulk,normal,submitted,42396,42396,42396,42396,,,,,,2016-01-27,2016-01-27,2016-01-27,2016-01-27,1,1,1,S2015ND093031,S2015ND093031,47.128,-99.243,11/18/2015 (entry creation date),Tonka,"Fine, smectitic, frigid Argiaquic Argialbolls",poorly,,frequent ponding for long periods,6,200.0,yes,NASIS,1,,outputs\tables\kssl_neon_linkage\nasis_raw_html\S2015ND093031.html
34950,16N0395,S2015ND093032,,,not started,25.0,100.0,28785,S2015ND093032,WGS84,,,,north,,,,west,47.130825,-99.243025,4878,C2016USND034,Site_C NEON ND Stutsman Co.,NEON,characterization,completed,2016,,,,,\\aioneli93ap1\Read_Write\LIMS_PROJECTS\C2016USND034\,VNIR - 7/2019 Caco reruns 12/2016 pj,3,100.0,A,0.0,44.0,0,0,3,12,1,3,1,3,1,3,1,3,1,3,1,3,1,3,1,3,1,3,1,3,1,3,1,0,0,Makoti,series,established,"Fine-silty, mixed, superactive, frigid Pachic Haplustoll",mollisols,ustolls,haplustolls,pachic haplustolls,fine-silty,,superactive,,frigid,,,,sampled as,42326.0,12497.0,1.0,12497,sampled as,Makoti,"Fine-silty, mixed, superactive, frigid Pachic Haplustoll",mollisols,ustolls,haplustolls,pachic haplustolls,5,244 | 3981 | 6105 | 7621 | 8335,country | county | mlra | ssa | state_admin_div,53B | ND | ND093 | US,ND093,"Stutsman County, North Dakota",,1,lims_site standardized decimal degrees,0,Highest classification-date ID then taxonomy-history ID; verify against authoritative NASIS,3,242134 | 242135 | 242136,,42396,42396,bulk,normal,submitted,42396,42396,42396,42396,,,,,,2016-01-27,2016-01-27,2016-01-27,2016-01-27,1,1,1,S2015ND093032,S2015ND093032,47.132,-99.243,11/18/2015 (entry creation date),Roseglen,"Fine-loamy, mixed, superactive, frigid Pachic Haplustolls",moderately well,,,4,200.0,yes,NASIS,1,,outputs\tables\kssl_neon_linkage\nasis_raw_html\S2015ND093032.html
34951,16N0396,S2015ND093033,,,not started,25.0,100.0,28786,S2015ND093033,WGS84,,,,north,,,,west,47.128106,-99.243791,4878,C2016USND034,Site_C NEON ND Stutsman Co.,NEON,characterization,completed,2016,,,,,\\aioneli93ap1\Read_Write\LIMS_PROJECTS\C2016USND034\,VNIR - 7/2019 Caco reruns 12/2016 pj,3,100.0,Ap,0.0,20.0,0,0,3,12,1,3,1,3,1,3,1,3,1,3,1,3,1,3,1,3,1,3,1,3,1,3,1,0,0,Bryant,series,established,"Fine-silty, mixed, superactive, frigid Typic Haplustoll",mollisols,ustolls,haplustolls,typic haplustolls,fine-silty,,superactive,,frigid,,,,sampled as,42326.0,12498.0,1.0,12498,sampled as,Bryant,"Fine-silty, mixed, superactive, frigid Typic Haplustoll",mollisols,ustolls,haplustolls,typic haplustolls,5,244 | 3981 | 6105 | 7621 | 8335,country | county | mlra | ssa | state_admin_div,53B | ND | ND093 | US,ND093,"Stutsman County, North Dakota",,1,lims_site standardized decimal degrees,0,Highest classification-date ID then taxonomy-history ID; verify against authoritative NASIS,3,242137 | 242138 | 242139,,42396,42396,bulk,normal,submitted,42396,42396,42396,42396,,,,,,2016-01-27,2016-01-27,2016-01-27,2016-01-27,1,1,1,S2015ND093033,S2015ND093033,47.128106,-99.243791,11/18/2015 (entry creation date),Tansem,"Coarse-loamy, mixed, active, frigid Typic Haplustolls",well,,,3,100.0,yes,NASIS,1,,outputs\tables\kssl_neon_linkage\nasis_raw_html\S2015ND093033.html
34952,16N0397,S2015ND093034,,,not started,25.0,100.0,28787,S2015ND093034,WGS84,,,,north,,,,west,47.127281,-99.246569,4878,C2016USND034,Site_C NEON ND Stutsman Co.,NEON,characterization,completed,2016,,,,,\\aioneli93ap1\Read_Write\LIMS_PROJECTS\C2016USND034\,VNIR - 7/2019 Caco reruns 12/2016 pj,4,100.0,Ap,0.0,20.0,0,0,4,16,1,4,1,4,1,4,1,4,1,4,1,4,1,4,1,4,1,4,1,4,1,4,1,0,0,Zahl,series,established,"Fine-loamy, mixed, superactive, frigid Typic Calciustoll",mollisols,ustolls,calciustolls,typic calciustolls,fine-loamy,,superactive,,frigid,,,,sampled as,42326.0,12499.0,1.0,12499,sampled as,Zahl,"Fine-loamy, mixed, superactive, frigid Typic Calciustoll",mollisols,ustolls,calciustolls,typic calciustolls,5,244 | 3981 | 6105 | 7621 | 8335,country | county | mlra | ssa | state_admin_div,53B | ND | ND093 | US,ND093,"Stutsman County, North Dakota",,1,lims_site standardized decimal degrees,0,Highest classification-date ID then taxonomy-history ID; verify against authoritative NASIS,4,242140 | 242141 | 242142 | 242143,,42396,42396,bulk,normal,submitted,42396,42396,42396,42396,,,,,,2016-01-27,2016-01-27,2016-01-27,2016-01-27,1,1,1,S2015ND093034,S2015ND093034,47.128,-99.245,11/18/2015 (entry creation date),Zahl,"Coarse-loamy, mixed, superactive, frigid Typic Calciustolls",well,,,4,100.0,yes,NASIS,1,,outputs\tables\kssl_neon_linkage\nasis_raw_html\S2015ND093034.html
35444,16N0916,S2016ND059001,,,not started,25.0,100.0,29278,S2016ND059001,WGS84,,,,north,,,,west,46.805925,-100.915698,4966,C2016USND122,Site_C NEON_10_NOGP,NEON,characterization,completed,2016,,,,,\\aioneli93ap1\Read_Write\LIMS_PROJECTS\C2016USND122\,VNIR - 7/2019,4,140.0,A1,0.0,30.0,0,0,4,16,1,4,1,4,1,4,1,4,1,4,1,4,1,4,1,4,1,4,1,4,1,4,1,4,1,Parshall,series,established,"Coarse-loamy, mixed, superactive, frigid Pachic Haplustoll",mollisols,ustolls,haplustolls,pachic haplustolls,coarse-loamy,,superactive,,frigid,,,,sampled as,42499.0,12676.0,1.0,12676,sampled as,Parshall,"Coarse-loamy, mixed, superactive, frigid Pachic Haplustoll",mollisols,ustolls,haplustolls,pachic haplustolls,5,244 | 3981 | 6088 | 7623 | 8318,country | county | mlra | ssa | state_admin_div,54 | ND | ND059 | US,ND059,"Morton County, North Dakota",NOGP,1,lims_site standardized decimal degrees,0,Highest classification-date ID then taxonomy-history ID; verify against authoritative NASIS,4,247266 | 247267 | 247268 | 247269,,42542 | 42667,42542,bulk,normal,submitted,42542,42667,42542,42542,,,,,,2016-06-21,2016-10-24,2016-06-21,2016-06-21,1,1,1,S2016ND059001,S2016ND059001,46.805925,-100.915698,5/9/2016 (actual site observation date),Parshall,"Coarse-loamy, mixed, superactive, frigid Pachic Haplustolls",well,none flooding,none ponding,6,200.0,no,NASIS,1,,outputs\tables\kssl_neon_linkage\nasis_raw_html\S2016ND059001.html
35445,16N0917,S2016ND059003,,,not started,18.0,51.0,29279,S2016ND059003,WGS84,,,,north,,,,west,46.800992,-100.916115,4966,C2016USND122,Site_C NEON_10_NOGP,NEON,characterization,completed,2016,,,,,\\aioneli93ap1\Read_Write\LIMS_PROJECTS\C2016USND122\,VNIR - 7/2019,4,107.0,A,0.0,18.0,0,0,4,16,1,4,1,4,1,4,1,4,1,4,1,4,1,4,1,4,1,4,1,4,1,4,1,4,1,Wyola,series,established,"Fine, smectitic, frigid Vertic Argiustoll",mollisols,ustolls,argiustolls,vertic argiustolls,fine,,,,frigid,,,,sampled as,42493.0,12677.0,1.0,12677,sampled as,Wyola,"Fine, smectitic, frigid Vertic Argiustoll",mollisols,ustolls,argiustolls,vertic argiustolls,5,244 | 3981 | 6088 | 7623 | 8318,country | county | mlra | ssa | state_admin_div,54 | ND | ND059 | US,ND059,"Morton County, North Dakota",NOGP,1,lims_site standardized decimal degrees,0,Highest classification-date ID then taxonomy-history ID; verify against authoritative NASIS,4,247270 | 247271 | 247272 | 247273,,42542,42542,bulk,normal,submitted,42542,42542,42542,42542,,,,,,2016-06-21,2016-06-21,2016-06-21,2016-06-21,1,1,1,S2016ND059003,S2016ND059003,46.800992,-100.916115,5/10/2016 (actual site observation date),Savage,"Fine, smectitic, frigid Vertic Argiustolls",well,occasional flooding for brief periods,none ponding,5,200.0,no,NASIS,1,,outputs\tables\kssl_neon_linkage\nasis_raw_html\S2016ND059003.html
35446,16N0918,S2016ND059005,,,not started,25.0,100.0,29280,S2016ND059005,WGS84,,,,north,,,,west,46.768943,-100.917042,4966,C2016USND122,Site_C NEON_10_NOGP,NEON,characterization,completed,2016,,,,,\\aioneli93ap1\Read_Write\LIMS_PROJECTS\C2016USND122\,VNIR - 7/2019,6,101.0,Oi,0.0,4.0,0,0,6,24,1,6,1,6,1,6,1,6,1,6,1,6,1,6,1,6,1,6,1,6,1,6,1,0,0,Temvik,series,established,"Fine-silty, mixed, superactive, frigid Typic Haplustoll",mollisols,ustolls,haplustolls,typic haplustolls,fine-silty,,superactive,,frigid,,,,sampled as,42489.0,12678.0,1.0,12678,sampled as,Temvik,"Fine-silty, mixed, superactive, frigid Typic Haplustoll",mollisols,ustolls,haplustolls,typic haplustolls,5,244 | 3981 | 6088 | 7623 | 8318,country | county | mlra | ssa | state_admin_div,54 | ND | ND059 | US,ND059,"Morton County, North Dakota",NOGP,1,lims_site standardized decimal degrees,0,Highest classification-date ID then taxonomy-history ID; verify against authoritative NASIS,6,247274 | 247275 | 247276 | 247277 | 247278 | 247279,,42542,42542,bulk,normal,submitted,42542,42542,42542,42542,,,,,,2016-06-21,2016-06-21,2016-06-21,2016-06-21,1,1,1,S2016ND059005,S2016ND059005,46.768943,-100.917042,4/29/2016 (actual site observation date),Temvik,"Fine-silty, mixed, superactive, frigid Typic Haplustolls",well,none flooding,none ponding,9,185.0,no,NASIS,1,,outputs\tables\kssl_neon_linkage\nasis_raw_html\S2016ND059005.html
35447,16N0919,S2016ND059007,,,not started,25.0,100.0,29281,S2016ND059007,WGS84,,,,north,,,,west,46.78332,-100.90815,4966,C2016USND122,Site_C NEON_10_NOGP,NEON,characterization,completed,2016,,,,,\\aioneli93ap1\Read_Write\LIMS_PROJECTS\C2016USND122\,VNIR - 7/2019,4,110.0,A,0.0,23.0,0,0,4,16,1,4,1,4,1,4,1,4,1,4,1,4,1,4,1,4,1,4,1,4,1,4,1,4,1,Golva,series,established,"Fine-silty, mixed, superactive, frigid Typic Haplustoll",mollisols,ustolls,haplustolls,typic haplustolls,fine-silty,,superactive,,frigid,,,,sampled as,42493.0,12679.0,1.0,12679,sampled as,Golva,"Fine-silty, mixed, superactive, frigid Typic Haplustoll",mollisols,ustolls,haplustolls,typic haplustolls,5,244 | 3981 | 6088 | 7623 | 8318,country | county | mlra | ssa | state_admin_div,54 | ND | ND059 | US,ND059,"Morton County, North Dakota",NOGP,1,lims_site standardized decimal degrees,0,Highest classification-date ID then taxonomy-history ID; verify against authoritative NASIS,4,247280 | 247281 | 247282 | 247283,,42542,42542,bulk,normal,submitted,42542,42542,42542,42542,,,,,,2016-06-21,2016-06-21,2016-06-21,2016-06-21,1,1,1,S2016ND059007,S2016ND059007,46.78332,-100.90815,5/3/2016 (actual site observation date),Golva,"Fine-silty, mixed, superactive, frigid Typic Haplustolls",moderately well,none flooding,none ponding,7,200.0,no,NASIS,1,,outputs\tables\kssl_neon_linkage\nasis_raw_html\S2016ND059007.html
35448,16N0920,S2016ND059008,,,not started,23.0,73.0,29282,S2016ND059008,WGS84,,,,north,,,,west,46.801622,-100.914473,4966,C2016USND122,Site_C NEON_10_NOGP,NEON,characterization,completed,2016,,,,,\\aioneli93ap1\Read_Write\LIMS_PROJECTS\C2016USND122\,VNIR - 7/2019,4,200.0,A,0.0,23.0,0,0,4,16,1,4,1,4,1,4,1,4,1,4,1,4,1,4,1,4,1,4,1,4,1,4,1,4,1,Wyola,series,established,"Fine, smectitic, frigid Vertic Argiustoll",mollisols,ustolls,argiustolls,vertic argiustolls,fine,,,,frigid,,,,sampled as,42499.0,12680.0,1.0,12680,sampled as,Wyola,"Fine, smectitic, frigid Vertic Argiustoll",mollisols,ustolls,argiustolls,vertic argiustolls,5,244 | 3981 | 6088 | 7623 | 8318,country | county | mlra | ssa | state_admin_div,54 | ND | ND059 | US,ND059,"Morton County, North Dakota",NOGP,1,lims_site standardized decimal degrees,0,Highest classification-date ID then taxonomy-history ID; verify against authoritative NASIS,4,247284 | 247285 | 247286 | 247287,,42542,42542,bulk,normal,submitted,42542,42542,42542,42542,,,,,,2016-06-21,2016-06-21,2016-06-21,2016-06-21,1,1,1,S2016ND059008,S2016ND059008,46.801622,-100.914473,5/9/2016 (actual site observation date),Savage,"Fine, smectitic, frigid Vertic Argiustolls",well,none flooding,none ponding,4,200.0,no,NASIS,1,,outputs\tables\kssl_neon_linkage\nasis_raw_html\S2016ND059008.html
35449,16N0921,S2016ND059011,,,not started,18.0,68.0,29283,S2016ND059011,WGS84,,,,north,,,,west,46.785917,-100.916085,4966,C2016USND122,Site_C NEON_10_NOGP,NEON,characterization,completed,2016,,,,,\\aioneli93ap1\Read_Write\LIMS_PROJECTS\C2016USND122\,VNIR - 7/2019,4,200.0,A,0.0,18.0,0,0,4,16,1,4,1,4,1,4,1,4,1,4,1,4,1,4,1,4,1,4,1,4,1,4,1,3,1,Morton,series,established,"Fine-silty, mixed, superactive, frigid Typic Argiustoll",mollisols,ustolls,argiustolls,typic argiustolls,fine-silty,,superactive,,frigid,,,,sampled as,42493.0,12681.0,1.0,12681,sampled as,Morton,"Fine-silty, mixed, superactive, frigid Typic Argiustoll",mollisols,ustolls,argiustolls,typic argiustolls,5,244 | 3981 | 6088 | 7623 | 8318,country | county | mlra | ssa | state_admin_div,54 | ND | ND059 | US,ND059,"Morton County, North Dakota",NOGP,1,lims_site standardized decimal degrees,0,Highest classification-date ID then taxonomy-history ID; verify against authoritative NASIS,4,247288 | 247289 | 247290 | 247291,,42542,42542,bulk,normal,submitted,42542,42542,42542,42542,,,,,,2016-06-21,2016-06-21,2016-06-21,2016-06-21,1,1,1,S2016ND059011,S2016ND059011,46.785917,-100.916085,5/3/2016 (actual site observation date),Morton,"Fine-silty, mixed, superactive, frigid Typic Argiustolls",well,none flooding,none ponding,4,200.0,no,NASIS,1,,outputs\tables\kssl_neon_linkage\nasis_raw_html\S2016ND059011.html
35450,16N0922,S2016ND059013,,,not started,25.0,100.0,29284,S2016ND059013,WGS84,,,,north,,,,west,46.807505,-100.903558,4966,C2016USND122,Site_C NEON_10_NOGP,NEON,characterization,completed,2016,,,,,\\aioneli93ap1\Read_Write\LIMS_PROJECTS\C2016USND122\,VNIR - 7/2019,4,130.0,A,0.0,18.0,0,0,4,16,1,4,1,4,1,4,1,4,1,4,1,4,1,4,1,4,1,4,1,4,1,4,1,0,0,Schaller,series,established,"Sandy, mixed, frigid Entic Haplustoll",mollisols,ustolls,haplustolls,entic haplustolls,sandy,,,,frigid,,,,sampled as,42495.0,12682.0,1.0,12682,sampled as,Schaller,"Sandy, mixed, frigid Entic Haplustoll",mollisols,ustolls,haplustolls,entic haplustolls,5,244 | 3981 | 6088 | 7623 | 8318,country | county | mlra | ssa | state_admin_div,54 | ND | ND059 | US,ND059,"Morton County, North Dakota",NOGP,1,lims_site standardized decimal degrees,0,Highest classification-date ID then taxonomy-history ID; verify against authoritative NASIS,4,247292 | 247293 | 247294 | 247295,,42542,42542,bulk,normal,submitted,42542,42542,42542,42542,,,,,,2016-06-21,2016-06-21,2016-06-21,2016-06-21,1,1,1,S2016ND059013,S2016ND059013,46.807505,-100.903558,5/5/2016 (actual site observation date),Schaller,"Sandy, mixed, frigid Entic Haplustolls",excessively,none flooding,none ponding,6,200.0,no,NASIS,1,,outputs\tables\kssl_neon_linkage\nasis_raw_html\S2016ND059013.html
35451,16N0923,S2016ND059014,,,not started,27.0,77.0,29285,S2016ND059014,WGS84,,,,north,,,,west,46.785732,-100.912045,4966,C2016USND122,Site_C NEON_10_NOGP,NEON,characterization,completed,2016,,,,,\\aioneli93ap1\Read_Write\LIMS_PROJECTS\C2016USND122\,VNIR - 7/2019,5,104.0,A,0.0,27.0,0,0,5,20,1,5,1,5,1,5,1,5,1,5,1,5,1,5,1,5,1,5,1,5,1,5,1,5,1,Wyola,series,established,"Fine, smectitic, frigid Vertic Argiustoll",mollisols,ustolls,argiustolls,vertic argiustolls,fine,,,,frigid,,,,sampled as,42493.0,12683.0,1.0,12683,sampled as,Wyola,"Fine, smectitic, frigid Vertic Argiustoll",mollisols,ustolls,argiustolls,vertic argiustolls,5,244 | 3981 | 6088 | 7623 | 8318,country | county | mlra | ssa | state_admin_div,54 | ND | ND059 | US,ND059,"Morton County, North Dakota",NOGP,1,lims_site standardized decimal degrees,0,Highest classification-date ID then taxonomy-history ID; verify against authoritative NASIS,5,247296 | 247297 | 247298 | 247299 | 247300,,42542,42542,bulk,normal,submitted,42542,42542,42542,42542,,,,,,2016-06-21,2016-06-21,2016-06-21,2016-06-21,1,1,1,S2016ND059014,S2016ND059014,46.785732,-100.912045,5/3/2016 (actual site observation date),Savage,"Fine, smectitic, frigid Vertic Argiustolls",well,none flooding,none ponding,7,200.0,no,NASIS,1,,outputs\tables\kssl_neon_linkage\nasis_raw_html\S2016ND059014.html
35452,16N0924,S2016ND059016,,,not started,25.0,67.0,29286,S2016ND059016,WGS84,,,,north,,,,west,46.79185,-100.917078,4966,C2016USND122,Site_C NEON_10_NOGP,NEON,characterization,completed,2016,,,,,\\aioneli93ap1\Read_Write\LIMS_PROJECTS\C2016USND122\,VNIR - 7/2019,4,200.0,A,0.0,22.0,0,0,4,16,1,4,1,4,1,4,1,4,1,4,1,4,1,4,1,4,1,4,1,4,1,4,1,3,1,Sen,series,established,"Fine-silty, mixed, superactive, frigid Typic Haplustoll",mollisols,ustolls,haplustolls,typic haplustolls,fine-silty,,superactive,,frigid,,,,sampled as,42494.0,12684.0,1.0,12684,sampled as,Sen,"Fine-silty, mixed, superactive, frigid Typic Haplustoll",mollisols,ustolls,haplustolls,typic haplustolls,5,244 | 3981 | 6088 | 7623 | 8318,country | county | mlra | ssa | state_admin_div,54 | ND | ND059 | US,ND059,"Morton County, North Dakota",NOGP,1,lims_site standardized decimal degrees,0,Highest classification-date ID then taxonomy-history ID; verify against authoritative NASIS,4,247301 | 247302 | 247303 | 247304,,42542,42542,bulk,normal,submitted,42542,42542,42542,42542,,,,,,2016-06-21,2016-06-21,2016-06-21,2016-06-21,1,1,1,S2016ND059016,S2016ND059016,46.79185,-100.917078,5/4/2016 (actual site observation date),Sen,"Fine-silty, mixed, superactive, frigid Typic Haplustolls",well,none flooding,none ponding,4,200.0,no,NASIS,1,,outputs\tables\kssl_neon_linkage\nasis_raw_html\S2016ND059016.html
35453,16N0925,S2016ND059017,,,not started,25.0,100.0,29287,S2016ND059017,WGS84,,,,north,,,,west,46.764807,-100.921602,4966,C2016USND122,Site_C NEON_10_NOGP,NEON,characterization,completed,2016,,,,,\\aioneli93ap1\Read_Write\LIMS_PROJECTS\C2016USND122\,VNIR - 7/2019,5,133.0,A,0.0,30.0,0,0,5,20,1,5,1,5,1,5,1,5,1,5,1,5,1,5,1,5,1,5,1,5,1,5,1,0,0,Wilton,series,established,"Fine-silty, mixed, superactive, frigid Pachic Haplustoll",mollisols,ustolls,haplustolls,pachic haplustolls,fine-silty,,superactive,,frigid,,,,sampled as,42492.0,12685.0,1.0,12685,sampled as,Wilton,"Fine-silty, mixed, superactive, frigid Pachic Haplustoll",mollisols,ustolls,haplustolls,pachic haplustolls,5,244 | 3981 | 6088 | 7623 | 8318,country | county | mlra | ssa | state_admin_div,54 | ND | ND059 | US,ND059,"Morton County, North Dakota",NOGP,1,lims_site standardized decimal degrees,0,Highest classification-date ID then taxonomy-history ID; verify against authoritative NASIS,5,247305 | 247306 | 247307 | 247308 | 247309,,42542,42542,bulk,normal,submitted,42542,42542,42542,42542,,,,,,2016-06-21,2016-06-21,2016-06-21,2016-06-21,1,1,1,S2016ND059017,S2016ND059017,46.764807,-100.921602,5/2/2016 (actual site observation date),Wilton,"Fine-silty, mixed, superactive, frigid Pachic Haplustolls",well,none flooding,none ponding,6,200.0,no,NASIS,1,,outputs\tables\kssl_neon_linkage\nasis_raw_html\S2016ND059017.html
35454,16N0926,S2016ND059020,,,not started,25.0,68.0,29288,S2016ND059020,WGS84,,,,north,,,,west,46.800505,-100.919598,4966,C2016USND122,Site_C NEON_10_NOGP,NEON,characterization,completed,2016,,,,,\\aioneli93ap1\Read_Write\LIMS_PROJECTS\C2016USND122\,VNIR - 7/2019,4,200.0,A,0.0,14.0,0,0,4,16,1,4,1,4,1,4,1,4,1,4,1,4,1,4,1,4,1,4,1,4,1,4,1,3,1,Chama,series,established,"Fine-silty, mixed, superactive, frigid Typic Calciustoll",mollisols,ustolls,calciustolls,typic calciustolls,fine-silty,,superactive,,frigid,,,,sampled as,42499.0,12686.0,1.0,12686,sampled as,Chama,"Fine-silty, mixed, superactive, frigid Typic Calciustoll",mollisols,ustolls,calciustolls,typic calciustolls,5,244 | 3981 | 6088 | 7623 | 8318,country | county | mlra | ssa | state_admin_div,54 | ND | ND059 | US,ND059,"Morton County, North Dakota",NOGP,1,lims_site standardized decimal degrees,0,Highest classification-date ID then taxonomy-history ID; verify against authoritative NASIS,4,247310 | 247311 | 247312 | 247313,,42542,42542,bulk,normal,submitted,42542,42542,42542,42542,,,,,,2016-06-21,2016-06-21,2016-06-21,2016-06-21,1,1,1,S2016ND059020,S2016ND059020,46.800505,-100.919598,5/9/2016 (actual site observation date),Chama,"Fine-silty, mixed, superactive, frigid Typic Calciustolls",well,none flooding,none ponding,4,200.0,no,NASIS,1,,outputs\tables\kssl_neon_linkage\nasis_raw_html\S2016ND059020.html
35455,16N0927,S2016ND059021,,,not started,25.0,57.0,29289,S2016ND059021,WGS84,,,,north,,,,west,46.798325,-100.904268,4966,C2016USND122,Site_C NEON_10_NOGP,NEON,characterization,completed,2016,,,,,\\aioneli93ap1\Read_Write\LIMS_PROJECTS\C2016USND122\,VNIR - 7/2019,5,105.0,Ap,0.0,13.0,0,0,5,20,1,5,1,5,1,5,1,5,1,5,1,5,1,5,1,5,1,5,1,5,1,5,1,5,1,Farnuf,series,established,"Fine-loamy, mixed, superactive, frigid Typic Argiustoll",mollisols,ustolls,argiustolls,typic argiustolls,fine-loamy,,superactive,,frigid,,,,sampled as,42495.0,12687.0,1.0,12687,sampled as,Farnuf,"Fine-loamy, mixed, superactive, frigid Typic Argiustoll",mollisols,ustolls,argiustolls,typic argiustolls,5,244 | 3981 | 6088 | 7623 | 8318,country | county | mlra | ssa | state_admin_div,54 | ND | ND059 | US,ND059,"Morton County, North Dakota",NOGP,1,lims_site standardized decimal degrees,0,Highest classification-date ID then taxonomy-history ID; verify against authoritative NASIS,5,247314 | 247315 | 247316 | 247317 | 247318,,42542,42542,bulk,normal,submitted,42542,42542,42542,42542,,,,,,2016-06-21,2016-06-21,2016-06-21,2016-06-21,1,1,1,S2016ND059021,S2016ND059021,46.798325,-100.904268,5/5/2016 (actual site observation date),Farnuf,"Fine-loamy, mixed, superactive, frigid Typic Argiustolls",well,none flooding,none ponding,7,200.0,no,NASIS,1,,outputs\tables\kssl_neon_linkage\nasis_raw_html\S2016ND059021.html
35456,16N0928,S2016ND059022,,,not started,25.0,40.0,29290,S2016ND059022,WGS84,,,,north,,,,west,46.786505,-100.910593,4966,C2016USND122,Site_C NEON_10_NOGP,NEON,characterization,completed,2016,,,,,\\aioneli93ap1\Read_Write\LIMS_PROJECTS\C2016USND122\,VNIR - 7/2019,4,200.0,A,0.0,12.0,0,0,4,16,1,4,1,4,1,4,1,4,1,4,1,4,1,4,1,4,1,4,1,4,1,4,1,3,1,Cabba,series,established,"Loamy, mixed, superactive, calcareous, frigid, shallow Typic Ustorthent",entisols,orthents,ustorthents,typic ustorthents,loamy,,superactive,calcareous,frigid,,,,sampled as,42494.0,12688.0,1.0,12688,sampled as,Cabba,"Loamy, mixed, superactive, calcareous, frigid, shallow Typic Ustorthent",entisols,orthents,ustorthents,typic ustorthents,5,244 | 3981 | 6088 | 7623 | 8318,country | county | mlra | ssa | state_admin_div,54 | ND | ND059 | US,ND059,"Morton County, North Dakota",NOGP,1,lims_site standardized decimal degrees,0,Highest classification-date ID then taxonomy-history ID; verify against authoritative NASIS,4,247319 | 247320 | 247321 | 247322,,42542,42542,bulk,normal,submitted,42542,42542,42542,42542,,,,,,2016-06-21,2016-06-21,2016-06-21,2016-06-21,1,1,1,S2016ND059022,S2016ND059022,46.786505,-100.910593,5/4/2016 (actual site observation date),Cabba,"Loamy, mixed, superactive, calcareous, frigid Typic Ustorthents",well,none flooding,none ponding,4,200.0,no,NASIS,1,,outputs\tables\kssl_neon_linkage\nasis_raw_html\S2016ND059022.html
35457,16N0929,S2016ND059023,,,not started,50.0,75.0,29291,S2016ND059023,WGS84,,,,north,,,,west,46.799135,-100.902753,4966,C2016USND122,Site_C NEON_10_NOGP,NEON,characterization,completed,2016,,,,,\\aioneli93ap1\Read_Write\LIMS_PROJECTS\C2016USND122\,VNIR - 7/2019,7,200.0,Ap,0.0,13.0,0,0,7,28,1,7,1,7,1,7,1,7,1,7,1,7,1,7,1,7,1,7,1,7,1,7,1,6,1,Janesburg,series,established,"Fine, smectitic, frigid Typic Natrustoll",mollisols,ustolls,natrustolls,typic natrustolls,fine,,,,frigid,,,,sampled as,42494.0,12689.0,1.0,12689,sampled as,Janesburg,"Fine, smectitic, frigid Typic Natrustoll",mollisols,ustolls,natrustolls,typic natrustolls,5,244 | 3981 | 6088 | 7623 | 8318,country | county | mlra | ssa | state_admin_div,54 | ND | ND059 | US,ND059,"Morton County, North Dakota",NOGP,1,lims_site standardized decimal degrees,0,Highest classification-date ID then taxonomy-history ID; verify against authoritative NASIS,7,247323 | 247324 | 247325 | 247326 | 247327 | 247328 | 247329,,42542,42542,bulk,normal,submitted,42542,42542,42542,42542,,,,,,2016-06-21,2016-06-21,2016-06-21,2016-06-21,1,1,1,S2016ND059023,S2016ND059023,46.799135,-100.902753,5/4/2016 (actual site observation date),Janesburg,"Fine, smectitic, frigid Typic Natrustolls",well,none flooding,none ponding,7,200.0,no,NASIS,1,,outputs\tables\kssl_neon_linkage\nasis_raw_html\S2016ND059023.html
35458,16N0930,S2016ND059024,,,not started,25.0,100.0,29292,S2016ND059024,WGS84,,,,north,,,,west,46.766155,-100.92129,4966,C2016USND122,Site_C NEON_10_NOGP,NEON,characterization,completed,2016,,,,,\\aioneli93ap1\Read_Write\LIMS_PROJECTS\C2016USND122\,VNIR - 7/2019,5,150.0,A,0.0,32.0,0,0,5,24,1,5,1,5,1,5,1,5,1,5,1,5,1,5,1,5,1,5,1,5,1,5,1,5,1,Wilton,series,established,"Fine-silty, mixed, superactive, frigid Pachic Haplustoll",mollisols,ustolls,haplustolls,pachic haplustolls,fine-silty,,superactive,,frigid,,,,sampled as,42492.0,12690.0,1.0,12690,sampled as,Wilton,"Fine-silty, mixed, superactive, frigid Pachic Haplustoll",mollisols,ustolls,haplustolls,pachic haplustolls,5,244 | 3981 | 6088 | 7623 | 8318,country | county | mlra | ssa | state_admin_div,54 | ND | ND059 | US,ND059,"Morton County, North Dakota",NOGP,1,lims_site standardized decimal degrees,0,Highest classification-date ID then taxonomy-history ID; verify against authoritative NASIS,5,247330 | 247331 | 247332 | 247333 | 247334,,42542,42542,bulk,normal,submitted,42542,42542,42542,42542,,,,,,2016-06-21,2016-06-21,2016-06-21,2016-06-21,1,1,1,S2016ND059024,S2016ND059024,46.766155,-100.92129,5/2/2016 (actual site observation date),Wilton,"Fine-silty, mixed, superactive, frigid Pachic Haplustolls",well,none flooding,none ponding,6,200.0,no,NASIS,1,,outputs\tables\kssl_neon_linkage\nasis_raw_html\S2016ND059024.html
35459,16N0931,S2016ND059027,,,not started,34.0,84.0,29293,S2016ND059027,WGS84,,,,north,,,,west,46.80096,-100.904767,4966,C2016USND122,Site_C NEON_10_NOGP,NEON,characterization,completed,2016,,,,,\\aioneli93ap1\Read_Write\LIMS_PROJECTS\C2016USND122\,VNIR - 7/2019,4,105.0,Ap,0.0,15.0,0,0,4,16,1,4,1,4,1,4,1,4,1,4,1,4,1,4,1,4,1,4,1,4,1,4,1,4,1,Grail,series,established,"Fine, smectitic, frigid Pachic Vertic Argiustoll",mollisols,ustolls,argiustolls,pachic vertic argiustolls,fine,,,,frigid,,,,sampled as,42495.0,12691.0,1.0,12691,sampled as,Grail,"Fine, smectitic, frigid Pachic Vertic Argiustoll",mollisols,ustolls,argiustolls,pachic vertic argiustolls,5,244 | 3981 | 6072 | 7623 | 8318,country | county | mlra | ssa | state_admin_div,54 | ND | ND027 | ND059 | US,ND059,"Morton County, North Dakota",NOGP,1,lims_site standardized decimal degrees,0,Highest classification-date ID then taxonomy-history ID; verify against authoritative NASIS,4,247335 | 247336 | 247337 | 247338,,42542,42542,bulk,normal,submitted,42542,42542,42542,42542,,,,,,2016-06-21,2016-06-21,2016-06-21,2016-06-21,1,1,1,S2016ND059027,S2016ND059027,46.80096,-100.904767,5/5/2016 (actual site observation date),Grail,"Fine, smectitic, frigid Pachic Vertic Argiustolls",well,none flooding,none ponding,7,200.0,no,NASIS,1,,outputs\tables\kssl_neon_linkage\nasis_raw_html\S2016ND059027.html
35461,16N0933,S2016ND059029,,,not started,25.0,74.0,29295,S2016ND059029,WGS84,,,,north,,,,west,46.790985,-100.921822,4966,C2016USND122,Site_C NEON_10_NOGP,NEON,characterization,completed,2016,,,,,\\aioneli93ap1\Read_Write\LIMS_PROJECTS\C2016USND122\,VNIR - 7/2019,4,200.0,A,0.0,20.0,0,0,4,20,1,4,1,4,1,4,1,4,1,4,1,4,1,4,1,4,1,4,1,4,1,4,1,3,1,Amor,series,established,"Fine-loamy, mixed, superactive, frigid Typic Haplustoll",mollisols,ustolls,haplustolls,typic haplustolls,fine-loamy,,superactive,,frigid,,,,sampled as,42494.0,12693.0,1.0,12693,sampled as,Amor,"Fine-loamy, mixed, superactive, frigid Typic Haplustoll",mollisols,ustolls,haplustolls,typic haplustolls,5,244 | 3981 | 6088 | 7623 | 8318,country | county | mlra | ssa | state_admin_div,54 | ND | ND059 | US,ND059,"Morton County, North Dakota",NOGP,1,lims_site standardized decimal degrees,0,Highest classification-date ID then taxonomy-history ID; verify against authoritative NASIS,4,247339 | 247340 | 247341 | 247342,,42542,42542,bulk,normal,submitted,42542,42542,42542,42542,,,,,,2016-06-21,2016-06-21,2016-06-21,2016-06-21,1,1,1,S2016ND059029,S2016ND059029,46.790985,-100.921822,5/4/2016 (actual site observation date),Amor,"Fine-loamy, mixed, superactive, frigid Typic Haplustolls",well,none flooding,none ponding,4,200.0,no,NASIS,1,,outputs\tables\kssl_neon_linkage\nasis_raw_html\S2016ND059029.html
35460,16N0932,S2016ND059030,,,not started,25.0,100.0,29294,S2016ND059030,WGS84,,,,north,,,,west,46.781328,-100.921798,4966,C2016USND122,Site_C NEON_10_NOGP,NEON,characterization,completed,2016,,,,,\\aioneli93ap1\Read_Write\LIMS_PROJECTS\C2016USND122\,VNIR - 7/2019,7,128.0,A,0.0,14.0,0,0,7,32,1,7,1,7,1,7,1,7,1,7,1,7,1,7,1,7,1,7,1,7,1,7,1,7,1,Bryant,series,established,"Fine-silty, mixed, superactive, frigid Typic Haplustoll",mollisols,ustolls,haplustolls,typic haplustolls,fine-silty,,superactive,,frigid,,,,sampled as,42493.0,12692.0,1.0,12692,sampled as,Bryant,"Fine-silty, mixed, superactive, frigid Typic Haplustoll",mollisols,ustolls,haplustolls,typic haplustolls,5,244 | 3981 | 6088 | 7623 | 8318,country | county | mlra | ssa | state_admin_div,54 | ND | ND059 | US,ND059,"Morton County, North Dakota",NOGP,1,lims_site standardized decimal degrees,0,Highest classification-date ID then taxonomy-history ID; verify against authoritative NASIS,7,247343 | 247344 | 247345 | 247346 | 247347 | 247348 | 247349,,42542,42542,bulk,normal,submitted,42542,42542,42542,42542,,,,,,2016-06-21,2016-06-21,2016-06-21,2016-06-21,1,1,1,S2016ND059030,S2016ND059030,46.781328,-100.921798,5/3/2016 (actual site observation date),Bryant,"Fine-silty, mixed, superactive, frigid Typic Haplustolls",well,none flooding,none ponding,8,200.0,no,NASIS,1,,outputs\tables\kssl_neon_linkage\nasis_raw_html\S2016ND059030.html
37473,17N0679,S2017ND093001,,,not started,25.0,100.0,31135,S2017ND093001,WGS84,,,,north,,,,west,47.2077,-99.166983,5097,C2017USND099,Site_C NEON_10_DCFS,NEON,characterization,completed,2017,,,,,\\aioneli93ap1\Read_Write\LIMS_PROJECTS\C2017USND099\,VNIR - 7/2019 PSDA reruns requested 3/2018 - SB,3,100.0,A,0.0,15.0,0,0,3,12,1,3,1,3,1,3,1,3,1,3,1,3,1,3,1,3,1,3,1,3,1,3,1,3,1,Zahl,series,established,"Fine-loamy, mixed, superactive, frigid Typic Calciustoll",mollisols,ustolls,calciustolls,typic calciustolls,fine-loamy,,superactive,,frigid,,,,sampled as,42878.0,13243.0,1.0,13243,sampled as,Zahl,"Fine-loamy, mixed, superactive, frigid Typic Calciustoll",mollisols,ustolls,calciustolls,typic calciustolls,5,244 | 3981 | 6105 | 7621 | 8335,country | county | mlra | ssa | state_admin_div,53B | ND | ND093 | US,ND093,"Stutsman County, North Dakota",DCFS,1,lims_site standardized decimal degrees,0,Highest classification-date ID then taxonomy-history ID; verify against authoritative NASIS,3,269127 | 269128 | 269129,,42901 | 43069,42901,bulk,normal,submitted,42901,43069,42901,42901,,,,,,2017-06-15,2017-11-30,2017-06-15,2017-06-15,1,1,1,S2017ND093001,S2017ND093001,47.2077,-99.166983,5/23/2017 (actual site observation date),Zahl,"Fine-loamy, mixed, superactive, frigid Typic Calciustolls",well,,,3,100.0,no,NASIS,1,,outputs\tables\kssl_neon_linkage\nasis_raw_html\S2017ND093001.html
37474,17N0680,S2017ND093004,,,not started,25.0,100.0,31136,S2017ND093004,WGS84,,,,north,,,,west,47.171435,-99.051345,5097,C2017USND099,Site_C NEON_10_DCFS,NEON,characterization,completed,2017,,,,,\\aioneli93ap1\Read_Write\LIMS_PROJECTS\C2017USND099\,VNIR - 7/2019 PSDA reruns requested 3/2018 - SB,3,100.0,A,0.0,11.0,0,0,3,12,1,3,1,3,1,3,1,3,1,3,1,3,1,3,1,3,1,3,1,3,1,3,1,1,1,Sioux,series,established,"Sandy-skeletal, mixed, frigid Entic Hapludoll",mollisols,udolls,hapludolls,entic hapludolls,sandy-skeletal,,,,frigid,,,,sampled as,42877.0,13244.0,1.0,13244,sampled as,Sioux,"Sandy-skeletal, mixed, frigid Entic Hapludoll",mollisols,udolls,hapludolls,entic hapludolls,5,244 | 3981 | 6105 | 7625 | 8335,country | county | mlra | ssa | state_admin_div,55B | ND | ND093 | US,ND093,"Stutsman County, North Dakota",DCFS,1,lims_site standardized decimal degrees,0,Highest classification-date ID then taxonomy-history ID; verify against authoritative NASIS,3,269130 | 269131 | 269132,,42901 | 42902 | 42904,42901,bulk,normal,submitted,42901,42904,42901,42901,,,,,,2017-06-15,2017-06-18,2017-06-15,2017-06-15,1,1,1,S2017ND093004,S2017ND093004,47.171435,-99.051345,5/22/2017 (actual site observation date),Sioux,"Sandy or sandy-skeletal, mixed, superactive, frigid Entic Hapludolls",excessively,,,3,100.0,no,NASIS,1,,outputs\tables\kssl_neon_linkage\nasis_raw_html\S2017ND093004.html
37475,17N0681,S2017ND093007,,,not started,27.0,40.0,31137,S2017ND093007,WGS84,,,,north,,,,west,47.16331,-99.115947,5097,C2017USND099,Site_C NEON_10_DCFS,NEON,characterization,completed,2017,,,,,\\aioneli93ap1\Read_Write\LIMS_PROJECTS\C2017USND099\,VNIR - 7/2019 PSDA reruns requested 3/2018 - SB,4,104.0,A,0.0,27.0,0,0,4,16,1,4,1,4,1,4,1,4,1,4,1,4,1,4,1,4,1,4,1,4,1,4,1,4,1,Williams,series,established,"Fine-loamy, mixed, superactive, frigid Typic Argiustoll",mollisols,ustolls,argiustolls,typic argiustolls,fine-loamy,,superactive,,frigid,,,,sampled as,42879.0,13245.0,1.0,13245,sampled as,Williams,"Fine-loamy, mixed, superactive, frigid Typic Argiustoll",mollisols,ustolls,argiustolls,typic argiustolls,5,244 | 3981 | 6105 | 7621 | 8335,country | county | mlra | ssa | state_admin_div,53B | ND | ND093 | US,ND093,"Stutsman County, North Dakota",DCFS,1,lims_site standardized decimal degrees,0,Highest classification-date ID then taxonomy-history ID; verify against authoritative NASIS,4,269133 | 269134 | 269135 | 269136,,42901 | 42902,42901,bulk,normal,submitted,42901,42902,42901,42901,,,,,,2017-06-15,2017-06-16,2017-06-15,2017-06-15,1,1,1,S2017ND093007,S2017ND093007,47.1633383,-99.1159183,5/24/2017 (actual site observation date),Williams,"Fine-loamy, mixed, superactive, frigid Typic Argiustolls",well,,,4,104.0,no,NASIS,1,,outputs\tables\kssl_neon_linkage\nasis_raw_html\S2017ND093007.html
37476,17N0682,S2017ND093010,,,not started,38.0,87.0,31138,S2017ND093010,WGS84,,,,north,,,,west,47.21001167,-99.17216167,5097,C2017USND099,Site_C NEON_10_DCFS,NEON,characterization,completed,2017,,,,,\\aioneli93ap1\Read_Write\LIMS_PROJECTS\C2017USND099\,VNIR - 7/2019 PSDA reruns requested 3/2018 - SB,5,100.0,A1,0.0,21.0,0,0,5,20,1,5,1,5,1,5,1,5,1,5,1,5,1,5,1,5,1,5,1,5,1,5,1,5,1,Grail,series,established,"Fine, smectitic, frigid Pachic Vertic Argiustoll",mollisols,ustolls,argiustolls,pachic vertic argiustolls,fine,,,,frigid,,,,sampled as,42878.0,13246.0,1.0,13246,sampled as,Grail,"Fine, smectitic, frigid Pachic Vertic Argiustoll",mollisols,ustolls,argiustolls,pachic vertic argiustolls,5,244 | 3981 | 6105 | 7621 | 8335,country | county | mlra | ssa | state_admin_div,53B | ND | ND093 | US,ND093,"Stutsman County, North Dakota",DCFS,1,lims_site standardized decimal degrees,0,Highest classification-date ID then taxonomy-history ID; verify against authoritative NASIS,5,269137 | 269138 | 269139 | 269140 | 269141,,42901 | 42902,42901,bulk,normal,submitted,42901,42902,42901,42901,,,,,,2017-06-15,2017-06-16,2017-06-15,2017-06-15,1,1,1,S2017ND093010,S2017ND093010,47.2100116,-99.1721616,5/23/2017 (actual site observation date),Grail,"Fine, smectitic, frigid Vertic Argiustolls",well,,,5,100.0,no,NASIS,1,,outputs\tables\kssl_neon_linkage\nasis_raw_html\S2017ND093010.html
37477,17N0683,S2017ND093011,,,not started,25.0,75.0,31139,S2017ND093011,WGS84,,,,north,,,,west,47.201977,-99.173992,5097,C2017USND099,Site_C NEON_10_DCFS,NEON,characterization,completed,2017,,,,,\\aioneli93ap1\Read_Write\LIMS_PROJECTS\C2017USND099\,VNIR - 7/2019 PSDA reruns requested 3/2018 - SB,4,140.0,A,0.0,25.0,0,0,4,16,1,4,1,4,1,4,1,4,1,4,1,4,1,4,1,4,1,4,1,4,1,4,1,3,1,Bowbells,series,established,"Fine-loamy, mixed, superactive, frigid Pachic Argiustoll",mollisols,ustolls,argiustolls,pachic argiustolls,fine-loamy,,superactive,,frigid,,,,sampled as,42878.0,13247.0,1.0,13247,sampled as,Bowbells,"Fine-loamy, mixed, superactive, frigid Pachic Argiustoll",mollisols,ustolls,argiustolls,pachic argiustolls,5,244 | 3981 | 6105 | 7621 | 8335,country | county | mlra | ssa | state_admin_div,53B | ND | ND093 | US,ND093,"Stutsman County, North Dakota",DCFS,1,lims_site standardized decimal degrees,0,Highest classification-date ID then taxonomy-history ID; verify against authoritative NASIS,4,269142 | 269143 | 269144 | 269145,,42901 | 42902,42901,bulk,normal,submitted,42901,42902,42901,42901,,,,,,2017-06-15,2017-06-16,2017-06-15,2017-06-15,1,1,1,S2017ND093011,S2017ND093011,47.2019883,-99.1739916,5/23/2017 (actual site observation date),Bowbells,"Fine-loamy, mixed, superactive, frigid Pachic Argiustolls",moderately well,,,4,120.0,no,NASIS,1,,outputs\tables\kssl_neon_linkage\nasis_raw_html\S2017ND093011.html
37478,17N0684,S2017ND093014,,,not started,25.0,100.0,31140,S2017ND093014,WGS84,,,,north,,,,west,47.119373,-99.057563,5097,C2017USND099,Site_C NEON_10_DCFS,NEON,characterization,completed,2017,,,,,\\aioneli93ap1\Read_Write\LIMS_PROJECTS\C2017USND099\,VNIR - 7/2019 PSDA reruns requested 3/2018 - SB,4,100.0,A,0.0,34.0,0,0,4,16,1,4,1,4,1,4,1,4,1,4,1,4,1,4,1,4,1,4,1,4,1,4,1,4,1,Arnegard,series,established,"Fine-loamy, mixed, superactive, frigid Pachic Haplustoll",mollisols,ustolls,haplustolls,pachic haplustolls,fine-loamy,,superactive,,frigid,,,,sampled as,42878.0,13248.0,1.0,13248,sampled as,Arnegard,"Fine-loamy, mixed, superactive, frigid Pachic Haplustoll",mollisols,ustolls,haplustolls,pachic haplustolls,5,244 | 3981 | 6105 | 7621 | 8335,country | county | mlra | ssa | state_admin_div,53B | ND | ND093 | US,ND093,"Stutsman County, North Dakota",DCFS,1,lims_site standardized decimal degrees,0,Highest classification-date ID then taxonomy-history ID; verify against authoritative NASIS,4,269146 | 269147 | 269148 | 269149,,42901 | 42902,42901,bulk,normal,submitted,42901,42902,42901,42901,,,,,,2017-06-15,2017-06-16,2017-06-15,2017-06-15,1,1,1,S2017ND093014,S2017ND093014,47.1193733,-99.0575633,5/24/2017 (actual site observation date),Arnegard,"Fine-loamy, mixed, superactive, frigid Pachic Haplustolls",moderately well,,,4,105.0,no,NASIS,1,,outputs\tables\kssl_neon_linkage\nasis_raw_html\S2017ND093014.html
37479,17N0685,S2017ND093016,,,not started,18.0,51.0,31141,S2017ND093016,WGS84,,,,north,,,,west,47.15684333,-99.11399,5097,C2017USND099,Site_C NEON_10_DCFS,NEON,characterization,completed,2017,,,,,\\aioneli93ap1\Read_Write\LIMS_PROJECTS\C2017USND099\,VNIR - 7/2019 PSDA reruns requested 3/2018 - SB,4,100.0,A,0.0,18.0,0,0,4,16,1,4,1,4,1,4,1,4,1,4,1,4,1,4,1,4,1,4,1,4,1,4,1,4,1,Bowbells,series,established,"Fine-loamy, mixed, superactive, frigid Pachic Argiustoll",mollisols,ustolls,argiustolls,pachic argiustolls,fine-loamy,,superactive,,frigid,,,,sampled as,42879.0,13249.0,1.0,13249,sampled as,Bowbells,"Fine-loamy, mixed, superactive, frigid Pachic Argiustoll",mollisols,ustolls,argiustolls,pachic argiustolls,5,244 | 3981 | 6105 | 7621 | 8335,country | county | mlra | ssa | state_admin_div,53B | ND | ND093 | US,ND093,"Stutsman County, North Dakota",DCFS,1,lims_site standardized decimal degrees,0,Highest classification-date ID then taxonomy-history ID; verify against authoritative NASIS,4,269150 | 269151 | 269152 | 269153,,42901 | 42902,42901,bulk,normal,submitted,42901,42902,42901,42901,,,,,,2017-06-15,2017-06-16,2017-06-15,2017-06-15,1,1,1,S2017ND093016,S2017ND093016,47.1568433,-99.11399,5/24/2017 (actual site observation date),Bowbells,"Fine-loamy, mixed, superactive, frigid Pachic Argiustolls",well,,,4,110.0,no,NASIS,1,,outputs\tables\kssl_neon_linkage\nasis_raw_html\S2017ND093016.html
37480,17N0686,S2017ND093020,,,not started,24.0,74.0,31142,S2017ND093020,WGS84,,,,north,,,,west,47.169265,-99.05691833,5097,C2017USND099,Site_C NEON_10_DCFS,NEON,characterization,completed,2017,,,,,\\aioneli93ap1\Read_Write\LIMS_PROJECTS\C2017USND099\,VNIR - 7/2019 PSDA reruns requested 3/2018 - SB,4,100.0,A,0.0,24.0,0,0,4,20,1,4,1,4,1,4,1,4,1,4,1,4,1,4,1,4,1,4,1,4,1,4,1,4,1,Aastad,series,established,"Fine-loamy, mixed, superactive, frigid Pachic Argiudoll",mollisols,udolls,argiudolls,pachic argiudolls,fine-loamy,,superactive,,frigid,,,,sampled as,42877.0,13250.0,1.0,13250,sampled as,Aastad,"Fine-loamy, mixed, superactive, frigid Pachic Argiudoll",mollisols,udolls,argiudolls,pachic argiudolls,5,244 | 3981 | 6105 | 7625 | 8335,country | county | mlra | ssa | state_admin_div,55B | ND | ND093 | US,ND093,"Stutsman County, North Dakota",DCFS,1,lims_site standardized decimal degrees,0,Highest classification-date ID then taxonomy-history ID; verify against authoritative NASIS,4,269154 | 269155 | 269156 | 269157,,42901 | 42902,42901,bulk,normal,submitted,42901,42902,42901,42901,,,,,,2017-06-15,2017-06-16,2017-06-15,2017-06-15,1,1,1,S2017ND093020,S2017ND093020,47.169265,-99.0569183,5/22/2017 (actual site observation date),Aastad,"Fine-loamy, mixed, superactive, frigid Pachic Argiudolls",well,,,4,105.0,no,NASIS,1,,outputs\tables\kssl_neon_linkage\nasis_raw_html\S2017ND093020.html
37481,17N0687,S2017ND093022,,,not started,18.0,33.0,31143,S2017ND093022,WGS84,,,,north,,,,west,47.154924,-99.10682,5097,C2017USND099,Site_C NEON_10_DCFS,NEON,characterization,completed,2017,,,,,\\aioneli93ap1\Read_Write\LIMS_PROJECTS\C2017USND099\,VNIR - 7/2019 PSDA reruns requested 3/2018 - SB,4,100.0,A,0.0,18.0,0,0,4,16,1,4,1,4,1,4,1,4,1,4,1,4,1,4,1,4,1,4,1,4,1,4,1,4,1,Badger,series,established,"Fine, smectitic, frigid Vertic Argiaquoll",mollisols,aquolls,argiaquolls,vertic argiaquolls,fine,,,,frigid,,,,sampled as,42879.0,13251.0,1.0,13251,sampled as,Badger,"Fine, smectitic, frigid Vertic Argiaquoll",mollisols,aquolls,argiaquolls,vertic argiaquolls,5,244 | 3981 | 6105 | 7621 | 8335,country | county | mlra | ssa | state_admin_div,53B | ND | ND093 | US,ND093,"Stutsman County, North Dakota",DCFS,1,lims_site standardized decimal degrees,0,Highest classification-date ID then taxonomy-history ID; verify against authoritative NASIS,4,269158 | 269159 | 269160 | 269161,,42901 | 42902,42901,bulk,normal,submitted,42901,42902,42901,42901,,,,,,2017-06-15,2017-06-16,2017-06-15,2017-06-15,1,1,1,S2017ND093022,S2017ND093022,47.154924,-99.10682,5/24/2017 (actual site observation date),Badger,"Fine, smectitic, frigid Vertic Argiaquolls",somewhat poorly,,,4,100.0,no,NASIS,1,,outputs\tables\kssl_neon_linkage\nasis_raw_html\S2017ND093022.html
37482,17N0688,S2017ND093023,,,not started,18.0,63.0,31144,S2017ND093023,WGS84,,,,north,,,,west,47.21084,-99.171025,5097,C2017USND099,Site_C NEON_10_DCFS,NEON,characterization,completed,2017,,,,,\\aioneli93ap1\Read_Write\LIMS_PROJECTS\C2017USND099\,VNIR - 7/2019 PSDA reruns requested 3/2018 - SB,4,140.0,A,0.0,18.0,0,0,4,16,1,4,1,4,1,4,1,4,1,4,1,4,1,4,1,4,1,4,1,4,1,4,1,4,1,Williams,series,established,"Fine-loamy, mixed, superactive, frigid Typic Argiustoll",mollisols,ustolls,argiustolls,typic argiustolls,fine-loamy,,superactive,,frigid,,,,sampled as,42878.0,13252.0,1.0,13252,sampled as,Williams,"Fine-loamy, mixed, superactive, frigid Typic Argiustoll",mollisols,ustolls,argiustolls,typic argiustolls,5,244 | 3981 | 6105 | 7621 | 8335,country | county | mlra | ssa | state_admin_div,53B | ND | ND093 | US,ND093,"Stutsman County, North Dakota",DCFS,1,lims_site standardized decimal degrees,0,Highest classification-date ID then taxonomy-history ID; verify against authoritative NASIS,4,269162 | 269163 | 269164 | 269165,,42901 | 42902,42901,bulk,normal,submitted,42901,42902,42901,42901,,,,,,2017-06-15,2017-06-16,2017-06-15,2017-06-15,1,1,1,S2017ND093023,S2017ND093023,47.21084,-99.171025,5/23/2017 (actual site observation date),Williams,"Fine-loamy, mixed, superactive, frigid Typic Argiustolls",well,,,4,148.0,no,NASIS,1,,outputs\tables\kssl_neon_linkage\nasis_raw_html\S2017ND093023.html
37483,17N0689,S2017ND093027,,,not started,38.0,87.0,31145,S2017ND093027,WGS84,,,,north,,,,west,47.205558,-99.17562,5097,C2017USND099,Site_C NEON_10_DCFS,NEON,characterization,completed,2017,,,,,\\aioneli93ap1\Read_Write\LIMS_PROJECTS\C2017USND099\,VNIR - 7/2019 PSDA reruns requested 3/2018 - SB,5,100.0,A,0.0,12.0,0,0,5,20,1,5,1,5,1,5,1,5,1,5,1,5,1,5,1,5,1,5,1,5,1,5,1,5,1,Bowbells,series,established,"Fine-loamy, mixed, superactive, frigid Pachic Argiustoll",mollisols,ustolls,argiustolls,pachic argiustolls,fine-loamy,,superactive,,frigid,,,,sampled as,42878.0,13253.0,1.0,13253,sampled as,Bowbells,"Fine-loamy, mixed, superactive, frigid Pachic Argiustoll",mollisols,ustolls,argiustolls,pachic argiustolls,5,244 | 3981 | 6105 | 7621 | 8335,country | county | mlra | ssa | state_admin_div,53B | ND | ND093 | US,ND093,"Stutsman County, North Dakota",DCFS,1,lims_site standardized decimal degrees,0,Highest classification-date ID then taxonomy-history ID; verify against authoritative NASIS,5,269166 | 269167 | 269168 | 269169 | 269170,,42901 | 42902,42901,bulk,normal,submitted,42901,42902,42901,42901,,,,,,2017-06-15,2017-06-16,2017-06-15,2017-06-15,1,1,1,S2017ND093027,S2017ND093027,47.205558,-99.17562,5/23/2017 (actual site observation date),Bowbells,"Fine-loamy, superactive, frigid Pachic Argiustolls",well,,,5,100.0,no,NASIS,1,,outputs\tables\kssl_neon_linkage\nasis_raw_html\S2017ND093027.html
37484,17N0690,S2017ND093029,,,not started,36.0,52.0,31146,S2017ND093029,WGS84,,,,north,,,,west,47.199308,-99.174098,5097,C2017USND099,Site_C NEON_10_DCFS,NEON,characterization,completed,2017,,,,,\\aioneli93ap1\Read_Write\LIMS_PROJECTS\C2017USND099\,VNIR - 7/2019 PSDA reruns requested 3/2018 - SB,5,100.0,A1,0.0,15.0,0,0,5,20,1,5,1,5,1,5,1,5,1,5,1,5,1,5,1,5,1,5,1,5,1,5,1,5,1,Grail,series,established,"Fine, smectitic, frigid Pachic Vertic Argiustoll",mollisols,ustolls,argiustolls,pachic vertic argiustolls,fine,,,,frigid,,,,sampled as,42878.0,13254.0,1.0,13254,sampled as,Grail,"Fine, smectitic, frigid Pachic Vertic Argiustoll",mollisols,ustolls,argiustolls,pachic vertic argiustolls,5,244 | 3981 | 6105 | 7621 | 8335,country | county | mlra | ssa | state_admin_div,53B | ND | ND093 | US,ND093,"Stutsman County, North Dakota",DCFS,1,lims_site standardized decimal degrees,0,Highest classification-date ID then taxonomy-history ID; verify against authoritative NASIS,5,269171 | 269172 | 269173 | 269174 | 269175,,42901,42901,bulk,normal,submitted,42901,42901,42901,42901,,,,,,2017-06-15,2017-06-15,2017-06-15,2017-06-15,1,1,1,S2017ND093029,S2017ND093029,47.199308,-99.174098,5/22/2017 (actual site observation date),Grail,"Fine, smectitic, nonacid, frigid Pachic Vertic Argiustolls",moderately well,,,5,100.0,no,NASIS,1,,outputs\tables\kssl_neon_linkage\nasis_raw_html\S2017ND093029.html
37485,17N0691,S2017ND093030,,,not started,25.0,100.0,31147,S2017ND093030,WGS84,,,,north,,,,west,47.17089667,-99.05664167,5097,C2017USND099,Site_C NEON_10_DCFS,NEON,characterization,completed,2017,,,,,\\aioneli93ap1\Read_Write\LIMS_PROJECTS\C2017USND099\,VNIR - 7/2019 PSDA reruns requested 3/2018 - SB,4,100.0,A,0.0,15.0,0,0,4,16,1,4,1,4,1,4,1,4,1,4,1,4,1,4,1,4,1,4,1,4,1,4,1,1,1,Renshaw,series,established,"Fine-loamy over sandy or sandy-skeletal, mixed, superactive, frigid Calcic Hapludoll",mollisols,udolls,hapludolls,calcic hapludolls,fine-loamy over sandy or sandy-skeletal,,superactive,,frigid,,,,sampled as,42878.0,13255.0,1.0,13255,sampled as,Renshaw,"Fine-loamy over sandy or sandy-skeletal, mixed, superactive, frigid Calcic Hapludoll",mollisols,udolls,hapludolls,calcic hapludolls,5,244 | 3981 | 6105 | 7625 | 8335,country | county | mlra | ssa | state_admin_div,55B | ND | ND093 | US,ND093,"Stutsman County, North Dakota",DCFS,1,lims_site standardized decimal degrees,0,Highest classification-date ID then taxonomy-history ID; verify against authoritative NASIS,4,269176 | 269177 | 269178 | 269179,,42901 | 42902,42901,bulk,normal,submitted,42901,42902,42901,42901,,,,,,2017-06-15,2017-06-16,2017-06-15,2017-06-15,1,1,1,S2017ND093030,S2017ND093030,47.170897,-99.056642,5/22/2017 (actual site observation date),Renshaw,"Fine-loamy over sandy or sandy-skeletal, mixed, superactive, frigid Calcic Hapludolls",somewhat excessively,,,4,100.0,no,NASIS,1,,outputs\tables\kssl_neon_linkage\nasis_raw_html\S2017ND093030.html
37486,17N0692,S2017ND093063,,,not started,40.0,80.0,31148,S2017ND093063,WGS84,,,,north,,,,west,47.164857,-99.110863,5097,C2017USND099,Site_C NEON_10_DCFS,NEON,characterization,completed,2017,,,,,\\aioneli93ap1\Read_Write\LIMS_PROJECTS\C2017USND099\,VNIR - 7/2019 PSDA reruns requested 3/2018 - SB,5,100.0,A1,0.0,27.0,1,3,5,20,1,5,1,5,1,5,1,5,1,5,1,5,1,5,1,5,1,5,1,5,1,5,1,0,0,Parnell,series,established,"Fine, smectitic, frigid Vertic Argiaquoll",mollisols,aquolls,argiaquolls,vertic argiaquolls,fine,,,,frigid,,,,sampled as,42879.0,13256.0,1.0,13256,sampled as,Parnell,"Fine, smectitic, frigid Vertic Argiaquoll",mollisols,aquolls,argiaquolls,vertic argiaquolls,5,244 | 3981 | 6105 | 7621 | 8335,country | county | mlra | ssa | state_admin_div,53B | ND | ND093 | US,ND093,"Stutsman County, North Dakota",DCFS,1,lims_site standardized decimal degrees,0,Highest classification-date ID then taxonomy-history ID; verify against authoritative NASIS,5,269180 | 269181 | 269182 | 269183 | 269184,,42901,42901,bulk,normal,submitted,42901,42901,42901,42901,,,,,,2017-06-15,2017-06-15,2017-06-15,2017-06-15,1,1,1,S2017ND093063,S2017ND093063,47.164857,-99.110863,5/24/2017 (actual site observation date),Parnell,"Fine, smectitic, frigid Vertic Argiaquolls",very poorly,,,5,100.0,no,NASIS,1,,outputs\tables\kssl_neon_linkage\nasis_raw_html\S2017ND093063.html
24847,12N8337,S2012ND093001,,,not started,25.0,100.0,20689,S2012ND093001,,,,,north,,,,west,47.158989,-99.239021,4498,I2012USND099,NEON ND Woodworth,NEON,investigation,completed,2012,,,,,\\aioneli93ap1\Read_Write\LIMS_PROJECTS\I2012USND099\,Caco reruns 12/2016 pj,7,200.0,AO,0.0,6.0,0,0,7,28,1,7,1,7,1,0,0,0,0,0,0,0,0,0,0,0,0,0,0,7,1,0,0,0,0,Manning,taxadjunct,established,"Coarse-loamy over sandy or sandy-skeletal, mixed, superactive, frigid Typic Haplustoll",mollisols,ustolls,haplustolls,typic haplustolls,coarse-loamy over sandy or sandy-skeletal,,superactive,,frigid,,,,sampled as,41170.0,11723.0,1.0,11723,sampled as,Manning,"Coarse-loamy over sandy or sandy-skeletal, mixed, superactive, frigid Typic Haplustoll",mollisols,ustolls,haplustolls,typic haplustolls,5,244 | 3981 | 6105 | 7621 | 8335,country | county | mlra | ssa | state_admin_div,53B | ND | ND093 | US,ND093,"Stutsman County, North Dakota",,1,lims_site standardized decimal degrees,0,Highest classification-date ID then taxonomy-history ID; verify against authoritative NASIS,7,187674 | 187675 | 187676 | 187677 | 187678 | 187679 | 187680,,41179 | 41418 | 41684,41179,bulk,normal,submitted,41179,41684,41179,41179,,,,,,2012-09-27,2014-02-14,2012-09-27,2012-09-27,1,1,1,S2012ND093001,12ND093001,47.158989,-99.239021,9/18/2012 (actual site observation date),Manning-Like,,somewhat excessively,none flooding,none ponding,7,190.0,no,Pedon PC 5.0,1,,outputs\tables\kssl_neon_linkage\nasis_raw_html\S2012ND093001.html
