lay_id,layer_key,proj_id,lims_site_id,lims_pedon_id,lay_rpt_seq_num,lay_type,top_depth_cm,bottom_depth_cm,horizon_designation,horz_desgn_master,texture_description,texture_desc_abbrev,smp_id,smp_type,smp_condition,smp_status,samples_per_layer,user_site_id,horizontal_datum_name,latitude,longitude,coordinate_source,pedon_key,user_pedon_id,observation_date_id,pedon_status,lab_proj_name,project_focus,fiscal_year,project_source,proj_type,proj_status,taxon_name,taxonomic_order,taxonomic_suborder,taxonomic_great_group,country,county,state,mir_master_count,mir_scan_count,mir_passed_scan_count,mir_blank_qc_count,mir_first_scan_date,mir_last_scan_date,layer_thickness_cm,layer_midpoint_cm,surface_or_near_surface,depth_class,al_dithionite_pct,al_oxalate_pct,bulk_density_ovendry_g_cm3,bulk_density_third_bar_g_cm3,carbonate_pct,cec_nh4oac_cmol_kg,clay_pct,estimated_organic_carbon_pct,fe_dithionite_pct,fe_oxalate_pct,ph_cacl2,ph_water,sand_pct,silt_pct,total_carbon_pct,total_nitrogen_pct,total_sulfur_pct,water_retention_15bar_pct,water_retention_third_bar_pct,qc_flag_count,user_pedon_id_crosswalk,join_confidence,join_basis,nasis_horizon_row,nasis_user_pedon_id,nasis_nasis_horizon_sequence,nasis_horizon_designation,nasis_top_depth_cm,nasis_bottom_depth_cm,nasis_thickness_cm,nasis_field_texture,nasis_matrix_color_raw,nasis_matrix_color_name,nasis_matrix_munsell,nasis_matrix_hue,nasis_matrix_value,nasis_matrix_chroma,nasis_color_moisture_status,nasis_dry_munsell,nasis_moist_munsell,nasis_redox_raw,nasis_redox_feature_type,nasis_redox_concentration_rendered,nasis_redox_depletion_rendered,nasis_redox_percentages,nasis_redox_percentage_max,nasis_redox_abundance,nasis_redox_size,nasis_redox_contrast,nasis_redox_location,nasis_reduced_matrix_rendered,nasis_gley_rendered,nasis_wetness_morphology_raw,nasis_organic_horizon_or_material_rendered,nasis_raw_horizon_description,lab_fe_dith__analyte_66,lab_fe_mjelm__analyte_671,lab_fe_ox__analyte_60,lab_fe_pyp__analyte_73,lab_mn_dith__analyte_67,lab_mn_kcl__analyte_70,lab_mn_mjelm__analyte_673,lab_mn_ox__analyte_61,lab_mn_pyp__analyte_74,lab_mn_trelm__analyte_685,nasis_drainage_class,nasis_flooding,nasis_ponding,nasis_taxonomy,nasis_current_correlated_soil_name,nasis_certified_lab_pedon_description,nasis_record_origin,reference_group,overlap_0_30_cm
172895,16N01585,4878,28773,34938,1,horizon,0.0,20.0,A,A,Loam,L,242076,bulk,normal,submitted,1,S2015ND093009,WGS84,47.144874,-99.233198,standardized,16N0383,S2015ND093009,,not started,C2016USND034,Site_C NEON ND Stutsman Co.,2016,NEON,characterization,completed,Zahl,mollisols,ustolls,calciustolls,United States,Stutsman,North Dakota,4,4,4.0,0.0,2016-04-09 14:49:19,2016-04-09 14:49:20,20.0,10.0,True,10-30,0.0271105,0.09377844,1.65085652,1.39735603,10.110765,21.636701,30.8702488,2.6968,0.7413414,0.10935591,7.51,7.85,38.8,30.3,3.90838456,0.26840464,0.02477581,15.2,23.4069513,0,S2015ND093009,EXACT,Designation and top/bottom depths agree,587.0,S2015ND093009,1.0,A,0.0,20.0,20.0,loam,"very dark grayish brown (10YR 3/2), very dark brown (10YR 2/2), moist",very dark brown,10YR 2/2,10YR,2.0,2.0,moist,10YR 3/2,10YR 2/2,,,,,,,,,,,,,,,"A—0 to 20 centimeters (0.0 to 7.9 inches); very dark grayish brown (10YR 3/2), very dark brown (10YR 2/2), moist; loam; moderate fine granular structure; slightly hard, friable, slightly sticky, slightly plastic; moderate permeability; common fine roots throughout; 1 percent by volume nonflat subangular indurated 75-150-250 millimeter mixed fragments observed by visual inspection method and 3 percent by volume nonflat subangular indurated 2-40-75 millimeter mixed fragments observed by visual inspection method; slight effervescence, by hcl, 1n; clear wavy boundary. Lab sample # 16N01585; moist when described; observed in pit, small",0.7413414,,0.10935591,,0.0332284,,,384.7320782,,,well,,,"Fine-loamy, mixed, active, frigid Typic Calciustolls",Zahl,yes,NASIS,NONHYDRIC_REFERENCE,20.0
172896,16N01586,4878,28773,34938,2,horizon,20.0,36.0,Bk1,B,Clay loam,CL,242077,bulk,normal,submitted,1,S2015ND093009,WGS84,47.144874,-99.233198,standardized,16N0383,S2015ND093009,,not started,C2016USND034,Site_C NEON ND Stutsman Co.,2016,NEON,characterization,completed,Zahl,mollisols,ustolls,calciustolls,United States,Stutsman,North Dakota,4,4,4.0,0.0,2016-04-09 14:49:20,2016-04-09 14:49:20,16.0,28.0,False,10-30,0.0145722,0.07544461,1.45005956,1.32085678,21.220769,17.1615447,31.0875821,1.2736,0.7419657,0.1011958,7.67,8.11,33.7,35.2,3.81878786,0.1308298,0.01133171,13.6150235,20.8615563,0,S2015ND093009,EXACT,Designation and top/bottom depths agree,588.0,S2015ND093009,2.0,Bk1,20.0,36.0,16.0,clay loam,"dark grayish brown (2.5Y 4/2), dark olive brown (2.5Y 3/3), moist",dark olive brown,2.5Y 3/3,2.5Y,3.0,3.0,moist,2.5Y 4/2,2.5Y 3/3,,,,,,,,,,,,,,,"Bk1—20 to 36 centimeters (7.9 to 14.2 inches); dark grayish brown (2.5Y 4/2), dark olive brown (2.5Y 3/3), moist; clay loam; moderate medium prismatic parts to moderate medium subangular blocky structure; hard, firm, slightly sticky, slightly plastic; moderately slow permeability; common very fine roots throughout and common fine roots throughout; carbonate, finely disseminated; 1 percent by volume nonflat subangular indurated 75-150-250 millimeter mixed fragments observed by visual inspection method and 5 percent by volume nonflat subangular indurated 2-40-75 millimeter mixed fragments observed by visual inspection method; strong effervescence, by hcl, 1n; clear wavy boundary. Lab sample # 16N01586; moist when described; observed in pit, small",0.7419657,,0.1011958,,0.032278,,,277.7298013,,,well,,,"Fine-loamy, mixed, active, frigid Typic Calciustolls",Zahl,yes,NASIS,NONHYDRIC_REFERENCE,10.0
172899,16N01589,4878,28774,34939,5,horizon,0.0,18.0,A,A,Loam,L,242080,bulk,normal,submitted,1,S2015ND093010,WGS84,47.1465,-99.225673,standardized,16N0384,S2015ND093010,,not started,C2016USND034,Site_C NEON ND Stutsman Co.,2016,NEON,characterization,completed,Wabeck,mollisols,ustolls,haplustolls,United States,Stutsman,North Dakota,4,4,4.0,0.0,2016-04-09 14:49:22,2016-04-09 14:49:23,18.0,9.0,True,0-10,0.0333348,0.09580402,1.33783347,1.14849429,0.447211,26.3971286,21.5750755,4.196,0.742162,0.11523499,7.26,7.65,46.7,31.7,4.24860136,0.40772535,0.04438529,16.4461248,29.2477506,0,S2015ND093010,EXACT,Designation and top/bottom depths agree,591.0,S2015ND093010,1.0,A,0.0,18.0,18.0,loam,"very dark grayish brown (10YR 3/2), very dark brown (10YR 2/2), moist",very dark brown,10YR 2/2,10YR,2.0,2.0,moist,10YR 3/2,10YR 2/2,,,,,,,,,,,,,,,"A—0 to 18 centimeters (0.0 to 7.1 inches); very dark grayish brown (10YR 3/2), very dark brown (10YR 2/2), moist; loam; moderate fine granular, and moderate medium granular structure; slightly hard, friable, slightly sticky, slightly plastic; moderate permeability; many very fine roots throughout; 5 percent by volume nonflat subangular indurated 2-40-75 millimeter mixed fragments observed by visual inspection method; noneffervescent, by hcl, 1n; clear smooth boundary. Lab sample # 16N01589; moderately dry when described; observed in pit, small",0.742162,,0.11523499,,0.0670975,,,2528.1039196,,,excessively,,,"Loamy-skeletal, mixed, frigid Entic Haplustolls",Wabek,yes,NASIS,NONHYDRIC_REFERENCE,18.0
172900,16N01590,4878,28774,34939,6,horizon,18.0,30.0,Bw,B,Loam,L,242081,bulk,normal,submitted,1,S2015ND093010,WGS84,47.1465,-99.225673,standardized,16N0384,S2015ND093010,,not started,C2016USND034,Site_C NEON ND Stutsman Co.,2016,NEON,characterization,completed,Wabeck,mollisols,ustolls,haplustolls,United States,Stutsman,North Dakota,4,4,4.0,0.0,2016-04-09 14:49:23,2016-04-09 14:49:24,12.0,24.0,False,10-30,0.0535572,0.12696961,1.42687669,1.32335507,1.826495,18.5088484,18.5218564,2.2004,0.8881614,0.11179187,7.5,7.93,51.1,30.4,2.42201813,0.2137377,0.02568963,9.5238095,17.2031476,0,S2015ND093010,EXACT,Designation and top/bottom depths agree,592.0,S2015ND093010,2.0,Bw,18.0,30.0,12.0,loam,"dark grayish brown (10YR 4/2), very dark grayish brown (10YR 3/2), moist",very dark grayish brown,10YR 3/2,10YR,3.0,2.0,moist,10YR 4/2,10YR 3/2,,,,,,,,,,,,,,,"Bw—18 to 30 centimeters (7.1 to 11.8 inches); dark grayish brown (10YR 4/2), very dark grayish brown (10YR 3/2), moist; loam; moderate medium prismatic parts to moderate medium subangular blocky structure; slightly hard, friable, slightly sticky, slightly plastic; moderate permeability; few very fine roots throughout; 10 percent by volume nonflat subangular indurated 2-40-75 millimeter mixed fragments observed by visual inspection method; noneffervescent, by hcl, 1n; clear wavy boundary. Lab sample # 16N01590; moderately dry when described; observed in pit, small",0.8881614,,0.11179187,,0.0652016,,,533.8375996,,,excessively,,,"Loamy-skeletal, mixed, frigid Entic Haplustolls",Wabek,yes,NASIS,NONHYDRIC_REFERENCE,12.0
172911,16N01601,4878,28777,34942,17,horizon,0.0,14.0,A,A,Loam,L,242092,bulk,normal,submitted,1,S2015ND093019,WGS84,47.146553,-99.245216,standardized,16N0387,S2015ND093019,,not started,C2016USND034,Site_C NEON ND Stutsman Co.,2016,NEON,characterization,completed,Williams,mollisols,ustolls,argiustolls,United States,Stutsman,North Dakota,4,4,4.0,0.0,2016-04-09 14:49:34,2016-04-09 14:49:35,14.0,7.0,True,0-10,0.0556918,0.11132772,1.20199628,1.06364644,0.134176,29.5151385,31.7795371,4.2544,0.8155124,0.13144692,6.64,7.05,36.3,31.9,4.26913227,0.40317855,0.05182244,17.7865613,24.4091087,0,S2015ND093019,EXACT,Designation and top/bottom depths agree,603.0,S2015ND093019,1.0,A,0.0,14.0,14.0,loam,"very dark gray (10YR 3/1), black (10YR 2/1), moist",black,10YR 2/1,10YR,2.0,1.0,moist,10YR 3/1,10YR 2/1,,,,,,,,,,,,,,,"A—0 to 14 centimeters (0.0 to 5.5 inches); very dark gray (10YR 3/1), black (10YR 2/1), moist; loam; moderate fine granular, and moderate medium granular structure; hard, friable, slightly sticky, slightly plastic; moderate permeability; many very fine roots throughout and few medium roots throughout and common fine roots throughout; common (1.0) medium tubular pores; 1 percent by volume nonflat subangular indurated 2-5-20 millimeter mixed fragments observed by visual inspection method; noneffervescent, by hcl, 1n; clear smooth boundary. Lab sample # 16N01601; moist when described; observed in pit, small. 1/2cm of undecomposed material (leaves & roots) on surface.",0.8155124,,0.13144692,,0.0537226,,,645.7800573,,,well,,,"Fine-loamy, mixed, active, frigid Typic Haplustolls",Max,yes,NASIS,NONHYDRIC_REFERENCE,14.0
172912,16N01602,4878,28777,34942,18,horizon,14.0,29.0,Bt,B,Clay loam,CL,242093,bulk,normal,submitted,1,S2015ND093019,WGS84,47.146553,-99.245216,standardized,16N0387,S2015ND093019,,not started,C2016USND034,Site_C NEON ND Stutsman Co.,2016,NEON,characterization,completed,Williams,mollisols,ustolls,argiustolls,United States,Stutsman,North Dakota,4,4,4.0,0.0,2016-04-09 14:49:35,2016-04-09 14:49:36,15.0,21.5,False,10-30,0.0638718,0.11963935,1.58000565,1.45102597,0.35545,30.4466119,34.3675418,2.4368,0.9547019,0.15540229,7.05,7.45,37.5,28.1,2.47942145,0.23465211,0.03218679,15.6545209,18.4594243,0,S2015ND093019,EXACT,Designation and top/bottom depths agree,604.0,S2015ND093019,2.0,Bt,14.0,29.0,15.0,clay loam,"olive brown (2.5Y 4/3), dark olive brown (2.5Y 3/3), moist",dark olive brown,2.5Y 3/3,2.5Y,3.0,3.0,moist,2.5Y 4/3,2.5Y 3/3,,,,,,,,,,,,,,,"Bt—14 to 29 centimeters (5.5 to 11.4 inches); olive brown (2.5Y 4/3), dark olive brown (2.5Y 3/3), moist; clay loam; moderate medium prismatic parts to moderate medium subangular blocky structure; hard, firm, moderately sticky, moderately plastic; moderately slow permeability; many very fine roots throughout and common fine roots throughout; common (3.0) medium tubular pores; 2 percent distinct black (10YR 2/1), moist, organic stains on all faces of peds and 10 percent faint very dark gray (2.5Y 3/1), moist, clay films on vertical faces of peds; 1 percent by volume nonflat subangular indurated 2-20-76 millimeter mixed fragments observed by visual inspection method; noneffervescent, by hcl, 1n; clear wavy boundary. Lab sample # 16N01602; moist when described; observed in pit, small. patchy - phpvsfiid 1142310; patchy - phpvsfiid 1142311; patchy - phpvsfiid 1142310; patchy - phpvsfiid 1142311",0.9547019,,0.15540229,,0.0495261,,,766.8087884,,,well,,,"Fine-loamy, mixed, active, frigid Typic Haplustolls",Max,yes,NASIS,NONHYDRIC_REFERENCE,15.0
172913,16N01603,4878,28777,34942,19,horizon,29.0,47.0,Btk,B,Clay loam,CL,242094,bulk,normal,submitted,1,S2015ND093019,WGS84,47.146553,-99.245216,standardized,16N0387,S2015ND093019,,not started,C2016USND034,Site_C NEON ND Stutsman Co.,2016,NEON,characterization,completed,Williams,mollisols,ustolls,argiustolls,United States,Stutsman,North Dakota,4,4,4.0,0.0,2016-04-09 14:49:36,2016-04-09 14:49:36,18.0,38.0,False,30-60,0.0088896,0.06238758,1.50758723,1.34752863,22.597397,18.6518745,35.9447732,0.928,0.7924879,0.1385356,7.69,8.15,29.5,34.6,3.63719398,0.12627708,0.01656093,12.4434389,19.235194,0,S2015ND093019,EXACT,Designation and top/bottom depths agree,605.0,S2015ND093019,3.0,Btk,29.0,47.0,18.0,clay loam,"light yellowish brown (2.5Y 6/3), light olive brown (2.5Y 5/3), moist",light olive brown,2.5Y 5/3,2.5Y,5.0,3.0,moist,2.5Y 6/3,2.5Y 5/3,,,,,,,,,,,,,,,"Btk—29 to 47 centimeters (11.4 to 18.5 inches); light yellowish brown (2.5Y 6/3), light olive brown (2.5Y 5/3), moist; clay loam; moderate medium prismatic parts to moderate medium subangular blocky structure; slightly hard, friable, moderately sticky, moderately plastic; moderately slow permeability; common very fine roots between peds; common (3.0) medium tubular pores; 25 percent distinct very dark gray (2.5Y 3/1), moist, clay films on vertical faces of peds; carbonate, finely disseminated throughout and 3 percent fine irregular noncoherent cemented white (2.5Y 8/1), moist, carbonate masses in matrix; 3 percent by volume nonflat subangular indurated 2-40-76 millimeter mixed fragments observed by visual inspection method; violent effervescence, by hcl, 1n; clear irregular boundary. Lab sample # 16N01603; dry when described; observed in pit, small. continuous - phpvsfiid 1142312; continuous - phpvsfiid 1142312",0.7924879,,0.1385356,,0.0349384,,,466.6135642,,,well,,,"Fine-loamy, mixed, active, frigid Typic Haplustolls",Max,yes,NASIS,NONHYDRIC_REFERENCE,1.0
172925,16N01615,4878,28780,34945,31,horizon,0.0,2.0,Oi,O,Slightly decomposed plant material,SPM,242106,bulk,normal,submitted,1,S2015ND093026,WGS84,47.151072,-99.253018,standardized,16N0390,S2015ND093026,,not started,C2016USND034,Site_C NEON ND Stutsman Co.,2016,NEON,characterization,completed,Parnell,mollisols,aquolls,argiaquolls,United States,Stutsman,North Dakota,4,4,4.0,0.0,2016-04-09 14:49:47,2016-04-09 14:49:47,2.0,1.0,True,0-10,0.0004673,0.04278399,,,2.232693,74.9966236,35.9160196,33.7024,0.4675123,0.34940255,,,5.9,58.2,33.97156597,2.47308604,2.11305855,120.1680672,,0,S2015ND093026,EXACT,Designation and top/bottom depths agree,617.0,S2015ND093026,1.0,Oi,0.0,2.0,2.0,shell fragments,black (10YR 2/1) slightly decomposed plant material,black,10YR 2/1,10YR,2.0,1.0,,,,,,,,,,,,,,,,,1.0,"Oi—0 to 2 centimeters (0.0 to 0.8 inches); black (10YR 2/1) slightly decomposed plant material; shell fragments; fragments; noneffervescent, by hcl, 1n; abrupt smooth boundary. Lab sample # 16N01615; wet when described; observed in pit, small. Shells present within this horizon.",0.4675123,,0.34940255,,0.0532938,6.5609795,,495.6396169,,,very poorly,,frequent ponding for very long periods,"Fine, smectitic, frigid Vertic Argiaquolls",Parnell,yes,NASIS,HYDRIC_REFERENCE,2.0
172926,16N01616,4878,28780,34945,32,horizon,2.0,18.0,A1,A,Silty clay loam,SICL,242107,bulk,normal,submitted,1,S2015ND093026,WGS84,47.151072,-99.253018,standardized,16N0390,S2015ND093026,,not started,C2016USND034,Site_C NEON ND Stutsman Co.,2016,NEON,characterization,completed,Parnell,mollisols,aquolls,argiaquolls,United States,Stutsman,North Dakota,4,4,4.0,0.0,2016-04-09 14:49:48,2016-04-09 14:49:49,16.0,10.0,True,10-30,0.0448263,0.06756262,,,0.554532,33.388253,37.8033503,3.674,0.5428622,0.14423242,7.76,7.78,29.6,32.6,3.73876024,0.35781104,0.28583156,23.136646,,0,S2015ND093026,EXACT,Designation and top/bottom depths agree,618.0,S2015ND093026,2.0,A1,2.0,18.0,16.0,silty clay loam,"black (10YR 2/1), black (10YR 2/1), dry",black,10YR 2/1,10YR,2.0,1.0,,,,,,,,,,,,,,,,,,"A1—2 to 18 centimeters (0.8 to 7.1 inches); black (10YR 2/1), black (10YR 2/1), dry; silty clay loam; moderate fine granular, and weak fine granular structure; moderately sticky, moderately plastic; moderately slow permeability; shell fragments; fragments; noneffervescent, by hcl, 1n; clear wavy boundary. Lab sample # 16N01616; wet when described; observed in pit, small. Shells present within this horizon.",0.5428622,,0.14423242,,0.0263216,,,246.7412192,,,very poorly,,frequent ponding for very long periods,"Fine, smectitic, frigid Vertic Argiaquolls",Parnell,yes,NASIS,HYDRIC_REFERENCE,16.0
172927,16N01617,4878,28780,34945,33,horizon,18.0,36.0,A2,A,Silty clay loam,SICL,242108,bulk,normal,submitted,1,S2015ND093026,WGS84,47.151072,-99.253018,standardized,16N0390,S2015ND093026,,not started,C2016USND034,Site_C NEON ND Stutsman Co.,2016,NEON,characterization,completed,Parnell,mollisols,aquolls,argiaquolls,United States,Stutsman,North Dakota,4,4,4.0,0.0,2016-04-09 14:50:27,2016-04-09 14:50:27,18.0,27.0,False,10-30,0.0373066,0.05000161,,,0.796872,25.099999,32.9683154,1.784,0.6120728,0.13191002,7.8,7.83,38.3,28.7,1.88010587,0.18127743,0.27346994,18.2238409,,0,S2015ND093026,EXACT,Designation and top/bottom depths agree,619.0,S2015ND093026,3.0,A2,18.0,36.0,18.0,silty clay loam,"very dark gray (2.5Y 3/1), dark gray (2.5Y 4/1), dry",dark gray,2.5Y 4/1,2.5Y,4.0,1.0,,,,,,,,,,,,,,,,,,"A2—18 to 36 centimeters (7.1 to 14.2 inches); very dark gray (2.5Y 3/1), dark gray (2.5Y 4/1), dry; silty clay loam; moderate fine subangular blocky parts to weak fine granular structure; moderately sticky, moderately plastic; moderately slow permeability; fragments; very slight effervescence, by hcl, 1n; clear wavy boundary. Lab sample # 16N01617; wet when described; observed in pit, small",0.6120728,,0.13191002,,0.0275813,,,374.744389,,,very poorly,,frequent ponding for very long periods,"Fine, smectitic, frigid Vertic Argiaquolls",Parnell,yes,NASIS,HYDRIC_REFERENCE,12.0
172932,16N01622,4878,28781,34946,38,horizon,0.0,5.0,Oi,O,Slightly decomposed plant material,SPM,242113,bulk,normal,submitted,1,S2015ND093028,WGS84,47.140568,-99.252037,standardized,16N0391,S2015ND093028,,not started,C2016USND034,Site_C NEON ND Stutsman Co.,2016,NEON,characterization,completed,Parnell,mollisols,aquolls,argiaquolls,United States,Stutsman,North Dakota,4,4,4.0,0.0,2016-04-09 14:50:28,2016-04-09 14:50:29,5.0,2.5,True,0-10,0.0241111,0.055322,,,2.207622,55.2288252,37.8574778,20.4948,0.5435763,0.31049193,7.17,7.18,20.5,41.6,20.75847055,1.36310431,0.68640882,48.5391603,,0,S2015ND093028,EXACT,Designation and top/bottom depths agree,624.0,S2015ND093028,1.0,Oi,0.0,5.0,5.0,fragments,greenish black (10Y 2/1) slightly decomposed plant material,greenish black,10Y 2/1,10Y,2.0,1.0,,,,,,,,,,,,,,,,,1.0,"Oi—0 to 5 centimeters (0.0 to 2.0 inches); greenish black (10Y 2/1) slightly decomposed plant material; fragments; noneffervescent, by hcl, 1n; abrupt wavy boundary. Lab sample # 16N01622; moist when described; observed in pit, small",0.5435763,,0.31049193,,0.0832587,,,940.918297,,,poorly,,frequent ponding for very long periods,"Fine, smectitic, frigid Vertic Argiaquolls",Parnell,yes,NASIS,HYDRIC_REFERENCE,5.0
172933,16N01623,4878,28781,34946,39,horizon,5.0,28.0,A,A,Silty clay loam,SICL,242114,bulk,normal,submitted,1,S2015ND093028,WGS84,47.140568,-99.252037,standardized,16N0391,S2015ND093028,,not started,C2016USND034,Site_C NEON ND Stutsman Co.,2016,NEON,characterization,completed,Parnell,mollisols,aquolls,argiaquolls,United States,Stutsman,North Dakota,4,4,4.0,0.0,2016-04-09 14:50:29,2016-04-09 14:50:29,23.0,16.5,True,10-30,0.035058,0.06948229,1.81087943,1.28937694,0.052175,30.6571506,33.3769787,3.834,0.5481583,0.13864682,7.01,7.11,28.5,38.1,3.84122488,0.39293502,0.10782386,21.277205,28.0241824,0,S2015ND093028,EXACT,Designation and top/bottom depths agree,625.0,S2015ND093028,2.0,A,5.0,28.0,23.0,silty clay loam,"black (10YR 2/1), very dark gray (10YR 3/1), dry",very dark gray,10YR 3/1,10YR,3.0,1.0,,,,,,,,,,,,,,,,,,"A—5 to 28 centimeters (2.0 to 11.0 inches); black (10YR 2/1), very dark gray (10YR 3/1), dry; silty clay loam; 28 percent clay; weak medium subangular blocky, and moderate fine subangular blocky structure; slightly hard, friable, moderately sticky, moderately plastic; moderately slow permeability; many (6.0) fine roots throughout and many (6.0) coarse roots throughout; fragments; noneffervescent, by hcl, 1n; clear wavy boundary. Lab sample # 16N01623; moist when described; observed in pit, small",0.5481583,,0.13864682,,0.0729386,,,348.470624,,,poorly,,frequent ponding for very long periods,"Fine, smectitic, frigid Vertic Argiaquolls",Parnell,yes,NASIS,HYDRIC_REFERENCE,23.0
172934,16N01624,4878,28781,34946,40,horizon,28.0,53.0,Btg,B,Silty clay,SIC,242115,bulk,normal,submitted,1,S2015ND093028,WGS84,47.140568,-99.252037,standardized,16N0391,S2015ND093028,,not started,C2016USND034,Site_C NEON ND Stutsman Co.,2016,NEON,characterization,completed,Parnell,mollisols,aquolls,argiaquolls,United States,Stutsman,North Dakota,4,4,4.0,0.0,2016-04-09 14:50:29,2016-04-09 14:50:30,25.0,40.5,False,30-60,0.0716732,0.08615088,1.93019645,1.51659448,1.059067,26.0343161,40.3838031,0.6228,0.6092137,0.10873519,7.67,7.82,29.8,29.8,0.75115896,0.08241883,0.03129829,18.9779379,21.1115149,0,S2015ND093028,EXACT,Designation and top/bottom depths agree,626.0,S2015ND093028,3.0,Btg,28.0,53.0,25.0,silty clay,"dark grayish brown (2.5Y 4/2), gray (2.5Y 5/1), dry",gray,2.5Y 5/1,2.5Y,5.0,1.0,,,,"5 percent fine distinct light olive brown (2.5Y 5/4), moist, masses of oxidized iron in matrix",concentration,1.0,,5,5.0,,fine,distinct,,,,"5 percent fine distinct light olive brown (2.5Y 5/4), moist, masses of oxidized iron in matrix",,"Btg—28 to 53 centimeters (11.0 to 20.9 inches); dark grayish brown (2.5Y 4/2), gray (2.5Y 5/1), dry; silty clay; 38 percent clay; moderate medium prismatic parts to moderate fine angular blocky structure; hard, firm, very sticky, very plastic; slow permeability; common (2.0) very fine roots throughout and common (2.0) fine roots throughout; 90 percent distinct dark gray (2.5Y 4/1), moist, clay films on all faces of peds; 5 percent fine distinct light olive brown (2.5Y 5/4), moist, masses of oxidized iron in matrix; fragments; noneffervescent, by hcl, 1n; clear wavy boundary. Lab sample # 16N01624; moist when described; observed in pit, small. continuous - phpvsfiid 1142314; continuous - phpvsfiid 1142314",0.6092137,,0.10873519,,0.0659851,,,391.0941416,,,poorly,,frequent ponding for very long periods,"Fine, smectitic, frigid Vertic Argiaquolls",Parnell,yes,NASIS,HYDRIC_REFERENCE,2.0
172944,16N01634,4878,28783,34948,50,horizon,15.0,23.0,Ag1,A,Mucky Silt loam,MK-SIL,242125,bulk,normal,submitted,1,S2015ND093030,WGS84,47.137925,-99.243418,standardized,16N0393,S2015ND093030,,not started,C2016USND034,Site_C NEON ND Stutsman Co.,2016,NEON,characterization,completed,Southam,mollisols,aquolls,endoaquolls,United States,Stutsman,North Dakota,4,4,4.0,0.0,2019-07-30 07:47:28,2019-07-30 07:47:29,8.0,19.0,False,10-30,0.0,0.05355229,,,46.747907,33.2368762,49.6442555,8.26,0.2575374,0.20704869,7.78,7.95,12.0,38.4,13.86723653,0.79878465,0.36222738,32.1321321,,0,S2015ND093030,EXACT,Designation and top/bottom depths agree,636.0,S2015ND093030,2.0,Ag1,15.0,23.0,8.0,mucky silt loam,"black (2.5Y 2.5/1), dark gray (2.5Y 4/1), dry",dark gray,2.5Y 4/1,2.5Y,4.0,1.0,,,,,,,,,,,,,,,,,1.0,"Ag1—15 to 23 centimeters (5.9 to 9.1 inches); black (2.5Y 2.5/1), dark gray (2.5Y 4/1), dry; mucky silt loam; weak fine granular structure; slightly sticky, slightly plastic; moderate permeability; fragments; slight effervescence, by hcl, 1n; clear wavy boundary. Lab sample # 16N01634; wet when described; observed in pit, small",0.2575374,,0.20704869,,0.0729166,,,347.93862,,,very poorly,,frequent ponding for very long periods,"Fine-loamy, carbonatic, frigid Cumulic Endoaquolls",SND,yes,NASIS,HYDRIC_REFERENCE,8.0
172945,16N01635,4878,28783,34948,51,horizon,23.0,38.0,Ag2,A,Silty clay loam,SICL,242126,bulk,normal,submitted,1,S2015ND093030,WGS84,47.137925,-99.243418,standardized,16N0393,S2015ND093030,,not started,C2016USND034,Site_C NEON ND Stutsman Co.,2016,NEON,characterization,completed,Southam,mollisols,aquolls,endoaquolls,United States,Stutsman,North Dakota,4,4,4.0,0.0,2016-04-09 14:50:34,2016-04-09 14:50:35,15.0,30.5,False,30-60,0.0,0.04356046,,,50.409612,23.0563976,44.1257722,4.4508,0.2414537,0.16660138,7.73,7.89,18.1,37.8,10.49908095,0.43677007,0.20749172,24.6341883,,0,S2015ND093030,EXACT,Designation and top/bottom depths agree,637.0,S2015ND093030,3.0,Ag2,23.0,38.0,15.0,silty clay loam,"very dark gray (2.5Y 3/1), dark gray (2.5Y 4/1), dry",dark gray,2.5Y 4/1,2.5Y,4.0,1.0,,,,,,,,,,,,,,,,,,"Ag2—23 to 38 centimeters (9.1 to 15.0 inches); very dark gray (2.5Y 3/1), dark gray (2.5Y 4/1), dry; silty clay loam; weak fine subangular blocky parts to weak fine granular structure; moderately sticky, moderately plastic; moderately slow permeability; fragments; slight effervescence, by hcl, 1n; gradual wavy boundary. Lab sample # 16N01635; wet when described; observed in pit, small",0.2414537,,0.16660138,,0.0785327,,,321.4940244,,,very poorly,,frequent ponding for very long periods,"Fine-loamy, carbonatic, frigid Cumulic Endoaquolls",SND,yes,NASIS,HYDRIC_REFERENCE,7.0
172949,16N01639,4878,28784,34949,55,horizon,0.0,29.0,A,A,Silt loam,SIL,242130,bulk,normal,submitted,1,S2015ND093031,WGS84,47.128,-99.243,standardized,16N0394,S2015ND093031,,not started,C2016USND034,Site_C NEON ND Stutsman Co.,2016,NEON,characterization,completed,Tonka,mollisols,albolls,argialbolls,United States,Stutsman,North Dakota,4,4,4.0,0.0,2016-04-13 07:53:27,2016-04-13 07:53:27,29.0,14.5,True,10-30,0.0445615,0.07376575,,,,27.8213637,29.6515451,4.38,0.563982,0.33069653,5.47,5.94,22.7,47.6,4.37522224,0.40881178,0.06241401,18.9844638,,0,S2015ND093031,EXACT,Designation and top/bottom depths agree,641.0,S2015ND093031,1.0,A,0.0,29.0,29.0,silt loam,"very dark brown (10YR 2/2), very dark grayish brown (10YR 3/2), dry",very dark grayish brown,10YR 3/2,10YR,3.0,2.0,,,,,,,,,,,,,,,,,,"A—0 to 29 centimeters (0.0 to 11.4 inches); very dark brown (10YR 2/2), very dark grayish brown (10YR 3/2), dry; silt loam; slightly hard, friable, slightly sticky, slightly plastic; moderate permeability; many (6.0) very fine roots throughout and many (6.0) fine roots throughout; many (6.0) very fine tubular and many (6.0) fine tubular pores; fragments; noneffervescent, by hcl, 1n. Lab sample # 16N01639; moist when described; observed in auger, bucket",0.563982,,0.33069653,,0.0563808,,,511.6887877,,,poorly,,frequent ponding for long periods,"Fine, smectitic, frigid Argiaquic Argialbolls",Tonka,yes,NASIS,HYDRIC_REFERENCE,29.0
172950,16N01640,4878,28784,34949,56,horizon,29.0,35.0,EB,EB,Silt loam,SIL,242131,bulk,normal,submitted,1,S2015ND093031,WGS84,47.128,-99.243,standardized,16N0394,S2015ND093031,,not started,C2016USND034,Site_C NEON ND Stutsman Co.,2016,NEON,characterization,completed,Tonka,mollisols,albolls,argialbolls,United States,Stutsman,North Dakota,4,4,4.0,0.0,2016-04-13 07:53:27,2016-04-13 07:53:28,6.0,32.0,False,30-60,0.0548641,0.07555537,,,-0.004052,22.882534,30.0444674,2.02,0.6690826,0.43947865,5.55,6.1,21.8,48.2,2.02487341,0.19284509,0.01555202,16.1898498,,0,S2015ND093031,EXACT,Designation and top/bottom depths agree,642.0,S2015ND093031,2.0,EB,29.0,35.0,6.0,silt loam,"dark grayish brown (10YR 4/2), grayish brown (10YR 5/2), dry",grayish brown,10YR 5/2,10YR,5.0,2.0,,,,,,,,,,,,,,,,,,"EB—29 to 35 centimeters (11.4 to 13.8 inches); dark grayish brown (10YR 4/2), grayish brown (10YR 5/2), dry; silt loam; slightly hard, friable, moderately sticky, moderately plastic; moderate permeability; many (6.0) very fine roots throughout and many (6.0) fine roots throughout; many (6.0) very fine tubular and many (6.0) fine tubular pores; fragments; noneffervescent, by hcl, 1n. Lab sample # 16N01640; moist when described; observed in auger, bucket",0.6690826,,0.43947865,,0.0823739,,,1029.4286548,,,poorly,,frequent ponding for long periods,"Fine, smectitic, frigid Argiaquic Argialbolls",Tonka,yes,NASIS,HYDRIC_REFERENCE,1.0
175270,16N04064,4966,29278,35444,1,horizon,0.0,30.0,A1,A,Fine sandy loam,FSL,247266,bulk,normal,submitted,1,S2016ND059001,WGS84,46.805925,-100.915698,standardized,16N0916,S2016ND059001,,not started,C2016USND122,Site_C NEON_10_NOGP,2016,NEON,characterization,completed,Parshall,mollisols,ustolls,haplustolls,United States,Morton,North Dakota,4,4,4.0,0.0,2019-06-05 07:48:32,2019-06-05 07:48:32,30.0,15.0,True,10-30,0.0490244,0.04056986,1.47444864,1.41163939,,10.2869285,8.1824277,1.31,1.0209127,0.07206757,5.83,6.43,74.6,17.2,1.30501041,0.1517454,0.01922108,6.1573034,12.0394056,0,S2016ND059001,EXACT,Designation and top/bottom depths agree,1248.0,S2016ND059001,1.0,A1,0.0,30.0,30.0,fine sandy loam,"dark grayish brown (10YR 4/2), very dark grayish brown (10YR 3/2), moist",very dark grayish brown,10YR 3/2,10YR,3.0,2.0,moist,10YR 4/2,10YR 3/2,,,,,,,,,,,,,,,"A1—0 to 30 centimeters (0.0 to 11.8 inches); dark grayish brown (10YR 4/2), very dark grayish brown (10YR 3/2), moist; fine sandy loam; 60 percent sand; 24 percent silt; 16 percent clay; weak medium subangular blocky parts to weak fine granular structure; soft, very friable, nonsticky, nonplastic; common (4.0) very fine roots throughout and common (2.0) fine roots throughout; common (12.0) very fine tubular pores; fragments; 16 Percent of Clay; 60 Percent of Sand; noneffervescent, by hcl, 1n; neutral, pH 6.8, pH meter; clear wavy boundary.; moist when described; observed in pit, small",1.0209127,,0.07206757,,0.0319607,,,246.6810692,,,well,none flooding,none ponding,"Coarse-loamy, mixed, superactive, frigid Pachic Haplustolls",Parshall,no,NASIS,NONHYDRIC_REFERENCE,30.0
175274,16N04068,4966,29279,35445,5,horizon,0.0,18.0,A,A,Silty clay loam,SICL,247270,bulk,normal,submitted,1,S2016ND059003,WGS84,46.800992,-100.916115,standardized,16N0917,S2016ND059003,,not started,C2016USND122,Site_C NEON_10_NOGP,2016,NEON,characterization,completed,Wyola,mollisols,ustolls,argiustolls,United States,Morton,North Dakota,4,4,4.0,0.0,2019-06-05 07:48:43,2019-06-05 07:48:44,18.0,9.0,True,0-10,0.1137625,0.12610087,1.26857485,1.13493325,,32.4934022,37.8405914,2.74,1.0069136,0.17590807,6.11,6.73,22.9,39.3,2.7443068,0.29216955,0.03965158,22.3544631,20.6432762,0,S2016ND059003,EXACT,Designation and top/bottom depths agree,1254.0,S2016ND059003,1.0,A,0.0,18.0,18.0,silty clay loam,"very dark grayish brown (10YR 3/2), very dark brown (10YR 2/2), moist",very dark brown,10YR 2/2,10YR,2.0,2.0,moist,10YR 3/2,10YR 2/2,,,,,,,,,,,,,,,"A—0 to 18 centimeters (0.0 to 7.1 inches); very dark grayish brown (10YR 3/2), very dark brown (10YR 2/2), moist; silty clay loam; 4 percent sand; 59 percent silt; 37 percent clay; moderate medium subangular blocky parts to moderate medium granular structure; moderately hard, firm, very sticky, very plastic; many (10.0) very fine roots throughout; many (7.0) very fine tubular pores; fragments; 37 Percent of Clay; 4 Percent of Sand; noneffervescent, by hcl, 1n; slightly alkaline, pH 7.5, pH meter; clear wavy boundary.; moist when described; observed in pit, small",1.0069136,,0.17590807,,0.0261563,,,308.129318,,,well,occasional flooding for brief periods,none ponding,"Fine, smectitic, frigid Vertic Argiustolls",Savage,no,NASIS,NONHYDRIC_REFERENCE,18.0
175275,16N04069,4966,29279,35445,6,horizon,18.0,29.0,Bt,B,Silty clay loam,SICL,247271,bulk,normal,submitted,1,S2016ND059003,WGS84,46.800992,-100.916115,standardized,16N0917,S2016ND059003,,not started,C2016USND122,Site_C NEON_10_NOGP,2016,NEON,characterization,completed,Wyola,mollisols,ustolls,argiustolls,United States,Morton,North Dakota,4,4,4.0,0.0,2019-06-05 07:48:46,2019-06-05 07:48:47,11.0,23.5,False,10-30,0.1042357,0.13569589,1.51348176,1.26532946,,32.1415345,38.2367456,1.7,1.0923029,0.18705157,6.58,7.27,25.1,36.7,1.69769643,0.19911254,0.02829494,20.6747638,27.3023053,0,S2016ND059003,EXACT,Designation and top/bottom depths agree,1255.0,S2016ND059003,2.0,Bt,18.0,29.0,11.0,silty clay loam,"brown (10YR 4/3), dark brown (10YR 3/3), moist",dark brown,10YR 3/3,10YR,3.0,3.0,moist,10YR 4/3,10YR 3/3,,,,,,,,,,,,,,,"Bt—18 to 29 centimeters (7.1 to 11.4 inches); brown (10YR 4/3), dark brown (10YR 3/3), moist; silty clay loam; 4 percent sand; 59 percent silt; 37 percent clay; moderate medium prismatic parts to moderate medium subangular blocky structure; moderately hard, firm, very sticky, very plastic; many (10.0) very fine roots throughout and few (1.0) fine roots throughout; many (10.0) fine tubular pores; 45 percent prominent very dark grayish brown (10YR 3/2), moist, clay films on all faces of peds; fragments; 37 Percent of Clay; 4 Percent of Sand; noneffervescent, by hcl, 1n; slightly alkaline, pH 7.6, pH meter; clear wavy boundary.; moist when described; observed in pit, small",1.0923029,,0.18705157,,0.023467,,,193.1056961,,,well,occasional flooding for brief periods,none ponding,"Fine, smectitic, frigid Vertic Argiustolls",Savage,no,NASIS,NONHYDRIC_REFERENCE,11.0
175276,16N04070,4966,29279,35445,7,horizon,29.0,51.0,Btk,B,Clay,C,247272,bulk,normal,submitted,1,S2016ND059003,WGS84,46.800992,-100.916115,standardized,16N0917,S2016ND059003,,not started,C2016USND122,Site_C NEON_10_NOGP,2016,NEON,characterization,completed,Wyola,mollisols,ustolls,argiustolls,United States,Morton,North Dakota,4,4,4.0,0.0,2019-06-05 07:48:49,2019-06-05 07:48:49,22.0,40.0,False,30-60,0.0631039,0.09323497,1.42358994,1.29402766,6.802779,23.8481266,31.3113716,0.934,0.9835312,0.1662329,7.83,8.44,34.8,33.9,1.7490065,0.13533979,0.02186258,15.6024096,23.3138963,0,S2016ND059003,EXACT,Designation and top/bottom depths agree,1256.0,S2016ND059003,3.0,Btk,29.0,51.0,22.0,clay,"grayish brown (10YR 5/2), dark grayish brown (10YR 4/2), moist",dark grayish brown,10YR 4/2,10YR,4.0,2.0,moist,10YR 5/2,10YR 4/2,,,,,,,,,,,,,,,"Btk—29 to 51 centimeters (11.4 to 20.1 inches); grayish brown (10YR 5/2), dark grayish brown (10YR 4/2), moist; clay; 25 percent sand; 30 percent silt; 45 percent clay; moderate medium prismatic parts to moderate medium subangular blocky structure; moderately hard, firm, very sticky, very plastic; many (10.0) very fine roots throughout and few (1.0) fine roots throughout; many (10.0) fine tubular pores; 40 percent prominent very dark brown (10YR 2/2), moist, clay films on all faces of peds; carbonate, finely disseminated throughout; fragments; 45 percent of Clay; 47 percent of Sand; violent effervescence, by hcl, 1n; moderately alkaline, pH 8.0, pH meter; clear wavy boundary.; moist when described; observed in pit, small",0.9835312,,0.1662329,,0.0210578,,,144.5503438,,,well,occasional flooding for brief periods,none ponding,"Fine, smectitic, frigid Vertic Argiustolls",Savage,no,NASIS,NONHYDRIC_REFERENCE,1.0
175278,16N04072,4966,29280,35446,9,horizon,0.0,4.0,Oi,O,Slightly decomposed plant material,SPM,247274,bulk,normal,submitted,1,S2016ND059005,WGS84,46.768943,-100.917042,standardized,16N0918,S2016ND059005,,not started,C2016USND122,Site_C NEON_10_NOGP,2016,NEON,characterization,completed,Temvik,mollisols,ustolls,haplustolls,United States,Morton,North Dakota,4,4,4.0,0.0,2019-06-05 07:48:55,2019-06-05 07:48:56,4.0,2.0,True,0-10,0.0845575,0.09150817,,,,33.0631138,24.3789,6.81,0.7995976,0.12009185,5.83,6.04,17.1,58.5,6.80586534,0.57922258,0.08481474,29.1142857,,0,S2016ND059005,EXACT,Designation and top/bottom depths agree,1259.0,S2016ND059005,1.0,Oi,0.0,4.0,4.0,fragments,slightly decomposed plant material,,,,,,,,,,,,,,,,,,,,,,1.0,"Oi—0 to 4 centimeters (0.0 to 1.6 inches); slightly decomposed plant material; fragments.; moist when described; observed in auger, bucket",0.7995976,,0.12009185,,0.0466,,,368.6587597,,,well,none flooding,none ponding,"Fine-silty, mixed, superactive, frigid Typic Haplustolls",Temvik,no,NASIS,NONHYDRIC_REFERENCE,4.0
175279,16N04073,4966,29280,35446,10,horizon,4.0,20.0,A,A,Silt loam,SIL,247275,bulk,normal,submitted,1,S2016ND059005,WGS84,46.768943,-100.917042,standardized,16N0918,S2016ND059005,,not started,C2016USND122,Site_C NEON_10_NOGP,2016,NEON,characterization,completed,Temvik,mollisols,ustolls,haplustolls,United States,Morton,North Dakota,4,4,4.0,0.0,2019-06-05 07:48:58,2019-06-05 07:48:59,16.0,12.0,True,10-30,0.0865756,0.10823604,,,,23.6388789,23.3344406,3.18,0.8325264,0.14066706,5.51,5.91,18.9,57.8,3.17797699,0.32911089,0.04525275,13.9478261,,0,S2016ND059005,EXACT,Designation and top/bottom depths agree,1260.0,S2016ND059005,2.0,A,4.0,20.0,16.0,silt loam,"very dark gray (10YR 3/1), black (10YR 2/1), moist",black,10YR 2/1,10YR,2.0,1.0,moist,10YR 3/1,10YR 2/1,,,,,,,,,,,,,,,"A—4 to 20 centimeters (1.6 to 7.9 inches); very dark gray (10YR 3/1), black (10YR 2/1), moist; silt loam; 5 percent sand; 69 percent silt; 26 percent clay; slightly hard, friable, moderately sticky, moderately plastic; common (4.0) very fine roots throughout and few (1.0) fine roots throughout; common (4.0) very fine tubular and few (1.0) fine tubular pores; fragments; 26 percent of Clay; 5 percent of Sand; noneffervescent, by hcl, 1n; neutral, pH 7.0, pH meter.; moist when described; observed in auger, bucket",0.8325264,,0.14066706,,0.0423609,,,405.8851388,,,well,none flooding,none ponding,"Fine-silty, mixed, superactive, frigid Typic Haplustolls",Temvik,no,NASIS,NONHYDRIC_REFERENCE,16.0
175280,16N04074,4966,29280,35446,11,horizon,20.0,35.0,Bw1,B,Silty clay loam,SICL,247276,bulk,normal,submitted,1,S2016ND059005,WGS84,46.768943,-100.917042,standardized,16N0918,S2016ND059005,,not started,C2016USND122,Site_C NEON_10_NOGP,2016,NEON,characterization,completed,Temvik,mollisols,ustolls,haplustolls,United States,Morton,North Dakota,4,4,4.0,0.0,2019-06-05 07:49:01,2019-06-05 07:49:01,15.0,27.5,False,10-30,0.117734,0.17224961,,,,22.130618,29.580607,1.41,1.0732782,0.2038873,6.24,6.93,18.6,51.8,1.41334642,0.18569515,0.03094919,14.5387454,,0,S2016ND059005,EXACT,Designation and top/bottom depths agree,1261.0,S2016ND059005,3.0,Bw1,20.0,35.0,15.0,silty clay loam,"light olive brown (2.5Y 5/3), olive brown (2.5Y 4/3), moist",olive brown,2.5Y 4/3,2.5Y,4.0,3.0,moist,2.5Y 5/3,2.5Y 4/3,,,,,,,,,,,,,,,"Bw1—20 to 35 centimeters (7.9 to 13.8 inches); light olive brown (2.5Y 5/3), olive brown (2.5Y 4/3), moist; silty clay loam; 5 percent sand; 63 percent silt; 32 percent clay; moderately hard, firm, moderately sticky, moderately plastic; common (3.0) very fine roots throughout; common (3.0) very fine tubular pores; fragments; 32 Percent of Clay; 5 Percent of Sand; noneffervescent, by hcl, 1n; neutral, pH 7.2, pH meter.; moist when described; observed in auger, bucket",1.0732782,,0.2038873,,0.0430886,,,406.9223971,,,well,none flooding,none ponding,"Fine-silty, mixed, superactive, frigid Typic Haplustolls",Temvik,no,NASIS,NONHYDRIC_REFERENCE,10.0
175309,16N04103,4966,29287,35453,40,horizon,0.0,30.0,A,A,Silt loam,SIL,247305,bulk,normal,submitted,1,S2016ND059017,WGS84,46.764807,-100.921602,standardized,16N0925,S2016ND059017,,not started,C2016USND122,Site_C NEON_10_NOGP,2016,NEON,characterization,completed,Wilton,mollisols,ustolls,haplustolls,United States,Morton,North Dakota,4,4,4.0,0.0,2016-12-13 08:57:54,2016-12-13 08:57:55,30.0,15.0,True,10-30,0.1007503,0.10859633,,,,24.523028,25.0657037,2.84,1.074304,0.12369414,6.09,6.65,18.5,56.4,2.84041757,0.26854857,0.02788774,12.6587302,,0,S2016ND059017,EXACT,Designation and top/bottom depths agree,1300.0,S2016ND059017,1.0,A,0.0,30.0,30.0,silt loam,"very dark grayish brown (10YR 3/2), very dark brown (10YR 2/2), moist",very dark brown,10YR 2/2,10YR,2.0,2.0,moist,10YR 3/2,10YR 2/2,,,,,,,,,,,,,,,"A—0 to 30 centimeters (0.0 to 11.8 inches); very dark grayish brown (10YR 3/2), very dark brown (10YR 2/2), moist; silt loam; 10 percent sand; 68 percent silt; 22 percent clay; moderate medium granular structure; slightly hard, friable, slightly sticky, slightly plastic; 6.0 very fine roots throughout; 5.0 very fine tubular pores; fragments; noneffervescent, by hcl, 1n; clear wavy boundary.; moist when described; observed in pit, small",1.074304,,0.12369414,,0.0607657,,,408.7190737,,,well,none flooding,none ponding,"Fine-silty, mixed, superactive, frigid Pachic Haplustolls",Wilton,no,NASIS,NONHYDRIC_REFERENCE,30.0
175314,16N04108,4966,29288,35454,45,horizon,0.0,14.0,A,A,Silty clay loam,SICL,247310,bulk,normal,submitted,1,S2016ND059020,WGS84,46.800505,-100.919598,standardized,16N0926,S2016ND059020,,not started,C2016USND122,Site_C NEON_10_NOGP,2016,NEON,characterization,completed,Chama,mollisols,ustolls,calciustolls,United States,Morton,North Dakota,4,4,4.0,0.0,2016-12-13 08:57:58,2016-12-13 08:57:59,14.0,7.0,True,0-10,0.1245307,0.16008897,1.43237646,1.21064393,1.036938,39.1238365,47.6804834,2.6752,1.4022013,0.2618772,7.2,7.56,5.7,46.6,2.79666351,0.27438963,0.03377103,22.4356436,27.4785992,0,S2016ND059020,EXACT,Designation and top/bottom depths agree,1306.0,S2016ND059020,1.0,A,0.0,14.0,14.0,silty clay loam,"brown (10YR 4/3), dark brown (10YR 3/3), moist",dark brown,10YR 3/3,10YR,3.0,3.0,moist,10YR 4/3,10YR 3/3,,,,,,,,,,,,,,,"A—0 to 14 centimeters (0.0 to 5.5 inches); brown (10YR 4/3), dark brown (10YR 3/3), moist; silty clay loam; 4 percent sand; 64 percent silt; 32 percent clay; moderate medium granular structure; moderately hard, friable, moderately sticky, moderately plastic; common (5.0) very fine roots throughout and common (5.0) fine roots throughout; common (4.0) very fine tubular and common (4.0) fine tubular pores; carbonate, finely disseminated throughout; fragments; 32 percent of Clay; 4 percent of Sand; slight effervescence, by hcl, 1n; neutral, pH 7.2, pH meter; clear wavy boundary.; moist when described; observed in pit, small",1.4022013,,0.2618772,,0.048968,,,422.1777917,,,well,none flooding,none ponding,"Fine-silty, mixed, superactive, frigid Typic Calciustolls",Chama,no,NASIS,NONHYDRIC_REFERENCE,14.0
175315,16N04109,4966,29288,35454,46,horizon,14.0,54.0,Bk,B,Silty clay loam,SICL,247311,bulk,normal,submitted,1,S2016ND059020,WGS84,46.800505,-100.919598,standardized,16N0926,S2016ND059020,,not started,C2016USND122,Site_C NEON_10_NOGP,2016,NEON,characterization,completed,Chama,mollisols,ustolls,calciustolls,United States,Morton,North Dakota,4,4,4.0,0.0,2016-12-13 08:57:59,2016-12-13 08:58:00,40.0,34.0,False,30-60,0.0957432,0.13851613,1.39341861,1.18604167,6.935909,34.2926049,46.770066,1.5972,1.2475349,0.25679835,7.64,8.22,4.7,48.5,2.42778329,0.17944485,0.02638895,21.037464,29.9253404,0,S2016ND059020,EXACT,Designation and top/bottom depths agree,1307.0,S2016ND059020,2.0,Bk,14.0,54.0,40.0,silty clay loam,"brown (10YR 5/3), brown (10YR 4/3), moist",brown,10YR 4/3,10YR,4.0,3.0,moist,10YR 5/3,10YR 4/3,,,,,,,,,,,,,,,"Bk—14 to 54 centimeters (5.5 to 21.3 inches); brown (10YR 5/3), brown (10YR 4/3), moist; silty clay loam; 4 percent sand; 66 percent silt; 30 percent clay; moderate coarse prismatic parts to moderate medium subangular blocky structure; moderately hard, friable, moderately sticky, moderately plastic; common (4.0) very fine roots throughout and common (4.0) fine roots throughout; common (2.0) very fine tubular and common (2.0) fine tubular pores; carbonate, finely disseminated throughout; fragments; 30 Percent of Clay; 4 Percent of Sand; strong effervescence, by hcl, 1n; slightly alkaline, pH 7.8, pH meter; clear wavy boundary.; moist when described; observed in pit, small",1.2475349,,0.25679835,,0.0293678,,,244.3136028,,,well,none flooding,none ponding,"Fine-silty, mixed, superactive, frigid Typic Calciustolls",Chama,no,NASIS,NONHYDRIC_REFERENCE,16.0
175327,16N04121,4966,29291,35457,58,horizon,0.0,13.0,Ap,A,Silt loam,SIL,247323,bulk,normal,submitted,1,S2016ND059023,WGS84,46.799135,-100.902753,standardized,16N0929,S2016ND059023,,not started,C2016USND122,Site_C NEON_10_NOGP,2016,NEON,characterization,completed,Janesburg,mollisols,ustolls,natrustolls,United States,Morton,North Dakota,4,4,4.0,0.0,2016-12-13 08:58:08,2016-12-13 08:58:08,13.0,6.5,True,0-10,0.0992292,0.12111124,1.29273909,1.15442706,,24.9777496,28.9272908,3.03,0.768325,0.11732313,5.69,6.23,26.5,44.6,3.02563438,0.27881272,0.02788127,14.6153846,24.7643447,0,S2016ND059023,EXACT,Designation and top/bottom depths agree,1321.0,S2016ND059023,1.0,Ap,0.0,13.0,13.0,silt loam,"very dark grayish brown (10YR 3/2), black (10YR 2/1), moist",black,10YR 2/1,10YR,2.0,1.0,moist,10YR 3/2,10YR 2/1,,,,,,,,,,,,,,,"Ap—0 to 13 centimeters (0.0 to 5.1 inches); very dark grayish brown (10YR 3/2), black (10YR 2/1), moist; silt loam; 5 percent sand; 75 percent silt; 20 percent clay; weak fine granular structure; slightly hard, friable, slightly sticky, slightly plastic; common (6.0) very fine roots throughout and common (2.0) fine roots throughout; common (6.0) very fine tubular and common (2.0) fine tubular pores; fragments; 20 percent of Clay; 5 percent of Sand; noneffervescent, by hcl, 1n; neutral, pH 7.2, pH meter; abrupt smooth boundary.; moist when described; observed in pit, small",0.768325,,0.11732313,,0.0281753,,,291.1431959,,,well,none flooding,none ponding,"Fine, smectitic, frigid Typic Natrustolls",Janesburg,no,NASIS,NONHYDRIC_REFERENCE,13.0
175328,16N04122,4966,29291,35457,59,horizon,13.0,21.0,Bw1,B,Silt loam,SIL,247324,bulk,normal,submitted,1,S2016ND059023,WGS84,46.799135,-100.902753,standardized,16N0929,S2016ND059023,,not started,C2016USND122,Site_C NEON_10_NOGP,2016,NEON,characterization,completed,Janesburg,mollisols,ustolls,natrustolls,United States,Morton,North Dakota,4,4,4.0,0.0,2016-12-13 08:58:08,2016-12-13 08:58:09,8.0,17.0,False,10-30,0.1361128,0.17673639,1.3236495,1.13424822,,26.0668484,35.4270173,1.38,1.0075546,0.12160567,6.44,7.21,29.9,34.7,1.38456471,0.13533339,0.01353334,15.9940653,25.3698833,0,S2016ND059023,EXACT,Designation and top/bottom depths agree,1322.0,S2016ND059023,2.0,Bw1,13.0,21.0,8.0,silt loam,"very dark grayish brown (10YR 3/2), very dark brown (10YR 2/2), moist",very dark brown,10YR 2/2,10YR,2.0,2.0,moist,10YR 3/2,10YR 2/2,,,,,,,,,,,,,,,"Bw1—13 to 21 centimeters (5.1 to 8.3 inches); very dark grayish brown (10YR 3/2), very dark brown (10YR 2/2), moist; silt loam; 5 percent sand; 72 percent silt; 23 percent clay; weak medium prismatic parts to moderate medium subangular blocky structure; slightly hard, friable, slightly sticky, slightly plastic; common (4.0) very fine roots throughout and few (1.0) fine roots throughout; common (4.0) very fine tubular and few (1.0) fine tubular pores; fragments; 23 Percent of Clay; 5 Percent of Sand; noneffervescent, by hcl, 1n; slightly alkaline, pH 7.4, pH meter; clear smooth boundary.; moist when described; observed in pit, small",1.0075546,,0.12160567,,0.032706,,,322.3027224,,,well,none flooding,none ponding,"Fine, smectitic, frigid Typic Natrustolls",Janesburg,no,NASIS,NONHYDRIC_REFERENCE,8.0
175329,16N04123,4966,29291,35457,60,horizon,21.0,50.0,Bw2,B,Silt loam,SIL,247325,bulk,normal,submitted,1,S2016ND059023,WGS84,46.799135,-100.902753,standardized,16N0929,S2016ND059023,,not started,C2016USND122,Site_C NEON_10_NOGP,2016,NEON,characterization,completed,Janesburg,mollisols,ustolls,natrustolls,United States,Morton,North Dakota,4,4,4.0,0.0,2016-12-13 08:58:09,2016-12-13 08:58:10,29.0,35.5,False,30-60,0.1240639,0.16697657,1.54415434,1.27873559,,28.9671318,39.8826377,1.23,0.9390709,0.11051157,6.65,7.37,25.8,34.3,1.23332448,0.14632663,0.01149709,17.7284946,26.8001262,0,S2016ND059023,EXACT,Designation and top/bottom depths agree,1323.0,S2016ND059023,3.0,Bw2,21.0,50.0,29.0,silt loam,"grayish brown (10YR 5/2), dark grayish brown (10YR 4/2), moist",dark grayish brown,10YR 4/2,10YR,4.0,2.0,moist,10YR 5/2,10YR 4/2,,,,,,,,,,,,,,,"Bw2—21 to 50 centimeters (8.3 to 19.7 inches); grayish brown (10YR 5/2), dark grayish brown (10YR 4/2), moist; silt loam; 5 percent sand; 70 percent silt; 25 percent clay; moderate coarse prismatic parts to moderate medium subangular blocky structure; moderately hard, firm, slightly sticky, slightly plastic; common (2.0) very fine roots throughout; common (2.0) very fine tubular pores; 40 percent prominent black (10YR 2/1), moist, clay films on all faces of peds; fragments; 5 percent of Sand; 25 percent of Clay; noneffervescent, by hcl, 1n; slightly alkaline, pH 7.5, pH meter; clear wavy boundary.; moist when described; observed in pit, small",0.9390709,,0.11051157,,0.0245735,,,262.8724294,,,well,none flooding,none ponding,"Fine, smectitic, frigid Typic Natrustolls",Janesburg,no,NASIS,NONHYDRIC_REFERENCE,9.0
175334,16N04128,4966,29292,35458,65,horizon,0.0,32.0,A,A,Silt loam,SIL,247330,bulk,normal,submitted,1,S2016ND059024,WGS84,46.766155,-100.92129,standardized,16N0930,S2016ND059024,,not started,C2016USND122,Site_C NEON_10_NOGP,2016,NEON,characterization,completed,Wilton,mollisols,ustolls,haplustolls,United States,Morton,North Dakota,8,8,8.0,0.0,2016-12-13 08:58:13,2020-01-27 12:06:45,32.0,16.0,True,10-30,0.0931954,0.10733123,1.09408129,0.98854208,,24.9419147,25.3542571,2.84,0.7511428,0.12411163,6.09,6.8,16.4,58.2,2.84132438,0.26863431,0.0464944,13.4104938,27.3498944,0,S2016ND059024,EXACT,Designation and top/bottom depths agree,1328.0,S2016ND059024,1.0,A,0.0,32.0,32.0,silt loam,"very dark grayish brown (10YR 3/2), very dark brown (10YR 2/2), moist",very dark brown,10YR 2/2,10YR,2.0,2.0,moist,10YR 3/2,10YR 2/2,,,,,,,,,,,,,,,"A—0 to 32 centimeters (0.0 to 12.6 inches); very dark grayish brown (10YR 3/2), very dark brown (10YR 2/2), moist; silt loam; 10 percent sand; 68 percent silt; 22 percent clay; moderate medium granular structure; slightly hard, friable, slightly sticky, slightly plastic; 5.0 very fine roots throughout and 2.0 fine roots throughout; 4.0 very fine tubular and 1.0 fine tubular pores; 1 percent by volume nonflat subrounded indurated 5-12-20 millimeter granite fragments observed by visual inspection method; noneffervescent, by hcl, 1n; neutral, pH 7.2, pH meter; clear wavy boundary.; moist when described; observed in pit, small",0.7511428,,0.12411163,,0.0411217,,,446.4219509,,,well,none flooding,none ponding,"Fine-silty, mixed, superactive, frigid Pachic Haplustolls",Wilton,no,NASIS,NONHYDRIC_REFERENCE,30.0
175350,16N04144,4966,29295,35461,81,horizon,0.0,20.0,A,A,Loam,L,247339,bulk,normal,submitted,1,S2016ND059029,WGS84,46.790985,-100.921822,standardized,16N0933,S2016ND059029,,not started,C2016USND122,Site_C NEON_10_NOGP,2016,NEON,characterization,completed,Amor,mollisols,ustolls,haplustolls,United States,Morton,North Dakota,4,4,4.0,0.0,2016-12-13 09:09:02,2016-12-13 09:09:03,20.0,10.0,True,10-30,0.0758627,0.12922003,1.19544391,1.06759458,,27.1685491,23.3923245,2.62,0.4103639,0.07947188,6.53,7.1,55.5,21.1,2.62101784,0.26002161,0.03016251,16.6,24.7866314,0,S2016ND059029,EXACT,Designation and top/bottom depths agree,1341.0,S2016ND059029,1.0,A,0.0,20.0,20.0,loam,"dark grayish brown (10YR 4/2), very dark grayish brown (10YR 3/2), moist",very dark grayish brown,10YR 3/2,10YR,3.0,2.0,moist,10YR 4/2,10YR 3/2,,,,,,,,,,,,,,,"A—0 to 20 centimeters (0.0 to 7.9 inches); dark grayish brown (10YR 4/2), very dark grayish brown (10YR 3/2), moist; loam; 40 percent sand; 38 percent silt; 22 percent clay; moderate medium subangular blocky parts to moderate medium granular structure; soft, very friable, slightly sticky, slightly plastic; common (5.0) very fine roots throughout and common (10.0) fine roots throughout; few (1.0) very fine tubular and common (3.0) fine tubular pores; fragments; 40 Percent of Sand; 22 percent of Clay; noneffervescent, by hcl, 1n; slightly alkaline, pH 7.4, pH meter; clear wavy boundary.; moist when described; observed in pit, small",0.4103639,,0.07947188,,0.0145916,,,149.1401505,,,well,none flooding,none ponding,"Fine-loamy, mixed, superactive, frigid Typic Haplustolls",Amor,no,NASIS,NONHYDRIC_REFERENCE,20.0
175351,16N04145,4966,29295,35461,82,horizon,20.0,37.0,Bw,B,Loam,L,247340,bulk,normal,submitted,1,S2016ND059029,WGS84,46.790985,-100.921822,standardized,16N0933,S2016ND059029,,not started,C2016USND122,Site_C NEON_10_NOGP,2016,NEON,characterization,completed,Amor,mollisols,ustolls,haplustolls,United States,Morton,North Dakota,4,4,4.0,0.0,2016-12-13 09:09:03,2016-12-13 09:09:03,17.0,28.5,False,10-30,0.0780531,0.16364209,1.19747508,1.06715902,,27.2171454,21.9575278,1.48,0.3694095,0.06795307,6.92,7.58,60.5,17.5,1.48374827,0.12538718,0.01776318,15.5102041,24.4461196,0,S2016ND059029,EXACT,Designation and top/bottom depths agree,1342.0,S2016ND059029,2.0,Bw,20.0,37.0,17.0,loam,"brown (10YR 4/3), dark brown (10YR 3/3), moist",dark brown,10YR 3/3,10YR,3.0,3.0,moist,10YR 4/3,10YR 3/3,,,,,,,,,,,,,,,"Bw—20 to 37 centimeters (7.9 to 14.6 inches); brown (10YR 4/3), dark brown (10YR 3/3), moist; loam; 50 percent sand; 30 percent silt; 20 percent clay; moderate medium prismatic parts to moderate medium subangular blocky structure; soft, very friable, slightly sticky, slightly plastic; common (5.0) very fine roots throughout and common (5.0) fine roots throughout; few (1.0) very fine tubular and common (2.0) fine tubular pores; carbonate, finely disseminated throughout; fragments; 20 Percent of Clay; 50 Percent of Sand; slight effervescence, by hcl, 1n; slightly alkaline, pH 7.6, pH meter; clear wavy boundary.; moist when described; observed in pit, small",0.3694095,,0.06795307,,0.0066962,,,70.4066365,,,well,none flooding,none ponding,"Fine-loamy, mixed, superactive, frigid Typic Haplustolls",Amor,no,NASIS,NONHYDRIC_REFERENCE,10.0
184891,17N03470,5097,31135,37473,1,horizon,0.0,15.0,A,A,Loam,L,269127,bulk,normal,submitted,1,S2017ND093001,WGS84,47.2077,-99.166983,standardized,17N0679,S2017ND093001,,not started,C2017USND099,Site_C NEON_10_DCFS,2017,NEON,characterization,completed,Zahl,mollisols,ustolls,calciustolls,United States,Stutsman,North Dakota,4,4,0.0,4.0,2018-06-20 12:47:04,2018-06-20 12:49:40,15.0,7.5,True,0-10,0.0854631,0.09900066,1.20300601,1.07725385,0.813531,28.5712545,24.4739758,4.3928,0.7140044,0.14179515,6.95,7.29,45.7,29.8,4.48718135,0.48150119,0.052248,20.2830189,30.5381072,0,S2017ND093001,EXACT,Designation and top/bottom depths agree,2436.0,S2017ND093001,1.0,A,0.0,15.0,15.0,loam,"dark gray (10YR 4/1), black (10YR 2/1), moist",black,10YR 2/1,10YR,2.0,1.0,moist,10YR 4/1,10YR 2/1,,,,,,,,,,,,,,,"A—0 to 15 centimeters (0.0 to 5.9 inches); dark gray (10YR 4/1), black (10YR 2/1), moist; loam; 35 percent sand; 22 percent clay; moderate medium granular structure; slightly hard, friable, slightly sticky, slightly plastic; 8.0 very fine roots throughout and 1.0 fine roots throughout; 5.0 very fine dendritic tubular and 1.0 fine dendritic tubular pores; 2 percent by volume nonflat subrounded indurated 2-40-75 millimeter mixed fragments observed by visual inspection method; noneffervescent; clear smooth boundary.; moist when described; observed in pit, small",0.7140044,,0.14179515,,0.0656938,,,641.9174051,,,well,,,"Fine-loamy, mixed, superactive, frigid Typic Calciustolls",Zahl,no,NASIS,NONHYDRIC_REFERENCE,15.0
184892,17N03471,5097,31135,37473,2,horizon,15.0,42.0,Bk1,B,Clay loam,CL,269128,bulk,normal,submitted,1,S2017ND093001,WGS84,47.2077,-99.166983,standardized,17N0679,S2017ND093001,,not started,C2017USND099,Site_C NEON_10_DCFS,2017,NEON,characterization,completed,Zahl,mollisols,ustolls,calciustolls,United States,Stutsman,North Dakota,4,4,0.0,4.0,2018-06-20 12:50:31,2018-06-20 12:53:05,27.0,28.5,False,10-30,0.0554428,0.06538019,1.26551836,1.18580233,21.123184,16.2496474,29.417783,1.7356,0.6049723,0.13809273,7.61,8.06,38.0,32.6,4.26985426,0.23438341,0.03770516,14.3718593,26.4972216,0,S2017ND093001,HIGH,Top/bottom depths agree; designation differs,2437.0,S2017ND093001,2.0,Bk,15.0,42.0,27.0,clay loam,"light brownish gray (10YR 6/2), dark grayish brown (10YR 4/2), moist",dark grayish brown,10YR 4/2,10YR,4.0,2.0,moist,10YR 6/2,10YR 4/2,,,,,,,,,,,,,,,"Bk—15 to 42 centimeters (5.9 to 16.5 inches); light brownish gray (10YR 6/2), dark grayish brown (10YR 4/2), moist; clay loam; 45 percent sand; 28 percent clay; moderate medium prismatic parts to moderate medium subangular blocky structure; moderately hard, firm, moderately sticky, moderately plastic; 5.0 very fine roots throughout; 3.0 very fine dendritic tubular pores; carbonate, finely disseminated and 2 percent fine irregular carbonate masses throughout; 5 percent by volume nonflat subrounded indurated 2-40-75 millimeter mixed fragments observed by visual inspection method; violent effervescence; clear wavy boundary.; moist when described; observed in pit, small",0.6049723,,0.13809273,,0.0468712,,,413.463486,,,well,,,"Fine-loamy, mixed, superactive, frigid Typic Calciustolls",Zahl,no,NASIS,NONHYDRIC_REFERENCE,15.0
184894,17N03473,5097,31136,37474,4,horizon,0.0,11.0,A,A,Very gravelly Loam,GRV-L,269130,bulk,normal,submitted,1,S2017ND093004,WGS84,47.171435,-99.051345,standardized,17N0680,S2017ND093004,,not started,C2017USND099,Site_C NEON_10_DCFS,2017,NEON,characterization,completed,Sioux,mollisols,udolls,hapludolls,United States,Stutsman,North Dakota,4,4,0.0,4.0,2018-06-20 12:57:23,2018-06-20 12:59:59,11.0,5.5,True,0-10,0.0488077,0.07925941,1.13555491,1.02773101,6.380141,23.7323698,13.1529925,4.5344,1.1485728,0.13043719,7.18,7.36,68.7,18.1,5.30443364,0.53960649,0.08246816,13.0090189,29.5711002,0,S2017ND093004,EXACT,Designation and top/bottom depths agree,2439.0,S2017ND093004,1.0,A,0.0,11.0,11.0,very gravelly loam,"very dark grayish brown (10YR 3/2), dark grayish brown (10YR 4/2), dry",dark grayish brown,10YR 4/2,10YR,4.0,2.0,,,,,,,,,,,,,,,,,,"A—0 to 11 centimeters (0.0 to 4.3 inches); very dark grayish brown (10YR 3/2), dark grayish brown (10YR 4/2), dry; very gravelly loam; 48 percent sand; 22 percent clay; moderate medium granular structure; soft, very friable, slightly sticky, slightly plastic; 5.0 very fine roots throughout and 2.0 fine roots throughout; 4.0 very fine dendritic tubular and 1.0 fine dendritic tubular pores; 40 percent by volume nonflat subrounded indurated 2-40-75 millimeter mixed fragments observed by visual inspection method; noneffervescent; clear wavy boundary.; moist when described; observed in pit, small",1.1485728,,0.13043719,,0.334614,,,1181.2603214,,,excessively,,,"Sandy or sandy-skeletal, mixed, superactive, frigid Entic Hapludolls",Sioux,no,NASIS,NONHYDRIC_REFERENCE,11.0
184895,17N03474,5097,31136,37474,5,horizon,11.0,40.0,Bk1,B,Very gravelly Loamy coarse sand,GRV-LCOS,269131,bulk,normal,submitted,1,S2017ND093004,WGS84,47.171435,-99.051345,standardized,17N0680,S2017ND093004,,not started,C2017USND099,Site_C NEON_10_DCFS,2017,NEON,characterization,completed,Sioux,mollisols,udolls,hapludolls,United States,Stutsman,North Dakota,4,4,0.0,4.0,2018-06-20 13:00:51,2018-06-20 13:03:30,29.0,25.5,False,10-30,0.0340631,0.04968521,,,21.528936,6.5862135,7.0979973,0.7464,0.9178928,0.1761658,7.68,8.12,81.1,11.8,3.32798999,0.13110264,0.02521205,5.2334784,,0,S2017ND093004,HIGH,Top/bottom depths agree; designation differs,2440.0,S2017ND093004,2.0,Bk,11.0,40.0,29.0,very gravelly loamy coarse sand,"dark yellowish brown (10YR 4/4), dark yellowish brown (10YR 4/4), dry",dark yellowish brown,10YR 4/4,10YR,4.0,4.0,,,,,,,,,,,,,,,,,,"Bk—11 to 40 centimeters (4.3 to 15.7 inches); dark yellowish brown (10YR 4/4), dark yellowish brown (10YR 4/4), dry; very gravelly loamy coarse sand; 85 percent sand; 10 percent clay; weak medium subangular blocky structure; loose, loose, nonsticky, nonplastic; 3.0 very fine roots throughout; carbonate, finely disseminated; 55 percent by volume nonflat subrounded indurated 2-40-75 millimeter mixed fragments observed by visual inspection method; strong effervescence; clear wavy boundary.; moist when described; observed in pit, small",0.9178928,,0.1761658,,0.0657122,,,447.4691937,,,excessively,,,"Sandy or sandy-skeletal, mixed, superactive, frigid Entic Hapludolls",Sioux,no,NASIS,NONHYDRIC_REFERENCE,19.0
184906,17N03485,5097,31139,37477,16,horizon,0.0,25.0,A,A,Silt loam,SIL,269142,bulk,normal,submitted,1,S2017ND093011,WGS84,47.201977,-99.173992,standardized,17N0683,S2017ND093011,,not started,C2017USND099,Site_C NEON_10_DCFS,2017,NEON,characterization,completed,Bowbells,mollisols,ustolls,argiustolls,United States,Stutsman,North Dakota,4,4,0.0,4.0,2018-06-20 14:02:09,2018-06-20 14:04:35,25.0,12.5,True,10-30,0.1052025,0.08434678,1.13881124,1.01704504,,32.7458531,25.1932256,5.01,0.6317655,0.29901962,5.74,6.22,32.6,42.2,5.01292455,0.46225739,0.02978992,20.1544444,34.1612119,0,S2017ND093011,EXACT,Designation and top/bottom depths agree,2451.0,S2017ND093011,1.0,A,0.0,25.0,25.0,loam,"very dark gray (10YR 3/1), black (10YR 2/1), moist",black,10YR 2/1,10YR,2.0,1.0,moist,10YR 3/1,10YR 2/1,,,,,,,,,,,,,,,"A—0 to 25 centimeters (0.0 to 9.8 inches); very dark gray (10YR 3/1), black (10YR 2/1), moist; loam; 30 percent sand; 20 percent clay; moderate medium subangular blocky parts to moderate medium granular structure; soft, very friable, slightly sticky, slightly plastic; 2.0 fine roots throughout; 10.0 fine dendritic tubular pores; 1 percent by volume nonflat subrounded indurated 20-50-75 millimeter mixed fragments observed by visual inspection method; noneffervescent; clear wavy boundary.; moist when described; observed in pit, small",0.6317655,,0.29901962,,0.0833771,,,789.9795851,,,moderately well,,,"Fine-loamy, mixed, superactive, frigid Pachic Argiustolls",Bowbells,no,NASIS,NONHYDRIC_REFERENCE,25.0
184907,17N03486,5097,31139,37477,17,horizon,25.0,68.0,Bt1,B,Clay loam,CL,269143,bulk,normal,submitted,1,S2017ND093011,WGS84,47.201977,-99.173992,standardized,17N0683,S2017ND093011,,not started,C2017USND099,Site_C NEON_10_DCFS,2017,NEON,characterization,completed,Bowbells,mollisols,ustolls,argiustolls,United States,Stutsman,North Dakota,4,4,0.0,4.0,2018-06-20 14:05:25,2018-06-20 14:07:58,43.0,46.5,False,30-60,0.091091,0.06726199,1.5112137,1.38849305,,16.1811184,21.693703,1.06,0.7624028,0.15913944,6.51,7.19,38.2,40.1,1.05842492,0.13230312,0.01424803,10.2646577,19.9913711,0,S2017ND093011,EXACT,Designation and top/bottom depths agree,2452.0,S2017ND093011,2.0,Bt1,25.0,68.0,43.0,loam,"dark grayish brown (10YR 4/2), very dark grayish brown (10YR 3/2), moist",very dark grayish brown,10YR 3/2,10YR,3.0,2.0,moist,10YR 4/2,10YR 3/2,,,,,,,,,,,,,,,"Bt1—25 to 68 centimeters (9.8 to 26.8 inches); dark grayish brown (10YR 4/2), very dark grayish brown (10YR 3/2), moist; loam; 35 percent sand; 26 percent clay; strong medium prismatic parts to moderate medium subangular blocky structure; slightly hard, friable, slightly sticky, slightly plastic; 2.0 fine roots throughout; 1.0 fine dendritic tubular pores; 50 percent faint very dark brown (10YR 2/2), moist, clay films on all faces of peds; 1 percent by volume nonflat subrounded indurated 20-50-75 millimeter mixed fragments observed by visual inspection method; noneffervescent; clear irregular boundary.; moist when described; observed in pit, small",0.7624028,,0.15913944,,0.0639474,,,566.2568209,,,moderately well,,,"Fine-loamy, mixed, superactive, frigid Pachic Argiustolls",Bowbells,no,NASIS,NONHYDRIC_REFERENCE,5.0
184914,17N03493,5097,31141,37479,24,horizon,0.0,18.0,A,A,Loam,L,269150,bulk,normal,submitted,1,S2017ND093016,WGS84,47.15684333,-99.11399,standardized,17N0685,S2017ND093016,,not started,C2017USND099,Site_C NEON_10_DCFS,2017,NEON,characterization,completed,Bowbells,mollisols,ustolls,argiustolls,United States,Stutsman,North Dakota,4,4,0.0,4.0,2018-06-20 14:28:58,2018-06-20 14:31:33,18.0,9.0,True,0-10,0.1211993,0.10838257,1.24637091,1.10867321,,29.9097969,28.7454484,5.01,0.6950773,0.15165396,5.57,6.14,32.9,38.4,5.01382172,0.48190107,0.06767121,20.1555772,27.9664332,0,S2017ND093016,EXACT,Designation and top/bottom depths agree,2459.0,S2017ND093016,1.0,A,0.0,18.0,18.0,loam,"very dark gray (10YR 3/1), black (10YR 2/1), moist",black,10YR 2/1,10YR,2.0,1.0,moist,10YR 3/1,10YR 2/1,,,,,,,,,,,,,,,"A—0 to 18 centimeters (0.0 to 7.1 inches); very dark gray (10YR 3/1), black (10YR 2/1), moist; loam; 45 percent sand; 18 percent clay; moderate medium subangular blocky parts to moderate medium granular structure; slightly hard, friable, slightly sticky, slightly plastic; 7.0 very fine roots throughout and 1.0 medium roots throughout and 2.0 fine roots throughout; fragments; noneffervescent; clear wavy boundary.; moist when described; observed in pit, small",0.6950773,,0.15165396,,0.0702078,,,664.3790602,,,well,,,"Fine-loamy, mixed, superactive, frigid Pachic Argiustolls",Bowbells,no,NASIS,NONHYDRIC_REFERENCE,18.0
184915,17N03494,5097,31141,37479,25,horizon,18.0,51.0,Bt,B,Clay loam,CL,269151,bulk,normal,submitted,1,S2017ND093016,WGS84,47.15684333,-99.11399,standardized,17N0685,S2017ND093016,,not started,C2017USND099,Site_C NEON_10_DCFS,2017,NEON,characterization,completed,Bowbells,mollisols,ustolls,argiustolls,United States,Stutsman,North Dakota,4,4,0.0,4.0,2018-06-20 14:32:24,2018-06-20 14:35:00,33.0,34.5,False,30-60,0.0764832,0.06007455,1.55397861,1.36208958,4.747571,19.770284,31.2246507,0.97,0.8991742,0.10721779,7.37,7.83,37.1,31.7,1.5446871,0.14321602,0.00511486,13.4344529,20.8050307,0,S2017ND093016,EXACT,Designation and top/bottom depths agree,2460.0,S2017ND093016,2.0,Bt,18.0,51.0,33.0,clay loam,"brown (10YR 4/3), very dark grayish brown (10YR 3/2), moist",very dark grayish brown,10YR 3/2,10YR,3.0,2.0,moist,10YR 4/3,10YR 3/2,,,,,,,,,,,,,,,"Bt—18 to 51 centimeters (7.1 to 20.1 inches); brown (10YR 4/3), very dark grayish brown (10YR 3/2), moist; clay loam; 37 percent sand; 30 percent clay; moderate medium prismatic parts to moderate medium subangular blocky structure; moderately hard, firm, moderately sticky, moderately plastic; 2.0 very fine roots throughout and 4.0 fine roots throughout; 1.0 very fine dendritic tubular and 1.0 fine dendritic tubular pores; 5 percent faint very dark brown (10YR 2/2), moist, clay films on all faces of peds; 1 percent by volume nonflat subrounded indurated 2-5-10 millimeter mixed fragments observed by visual inspection method; noneffervescent; clear wavy boundary.; moist when described; observed in pit, small",0.8991742,,0.10721779,,0.0644321,,,590.5633413,,,well,,,"Fine-loamy, mixed, superactive, frigid Pachic Argiustolls",Bowbells,no,NASIS,NONHYDRIC_REFERENCE,12.0
184930,17N03509,5097,31145,37483,40,horizon,0.0,12.0,A,A,Silt loam,SIL,269166,bulk,normal,submitted,1,S2017ND093027,WGS84,47.205558,-99.17562,standardized,17N0689,S2017ND093027,,not started,C2017USND099,Site_C NEON_10_DCFS,2017,NEON,characterization,completed,Bowbells,mollisols,ustolls,argiustolls,United States,Stutsman,North Dakota,4,4,0.0,4.0,2018-06-20 15:42:16,2018-06-20 15:44:42,12.0,6.0,True,0-10,0.1342656,0.13217449,1.22957812,1.1253431,,26.8873901,24.724237,4.89,0.7850264,0.18488148,5.41,5.75,39.8,35.5,4.88642762,0.50090994,0.03782381,15.4275508,24.6360663,0,S2017ND093027,EXACT,Designation and top/bottom depths agree,2475.0,S2017ND093027,1.0,A,0.0,12.0,12.0,silt loam,"very dark brown (10YR 2/2), black (10YR 2/1), moist",black,10YR 2/1,10YR,2.0,1.0,moist,10YR 2/2,10YR 2/1,,,,,,,,,,,,,,,"A—0 to 12 centimeters (0.0 to 4.7 inches); very dark brown (10YR 2/2), black (10YR 2/1), moist; silt loam; 25 percent sand; 18 percent clay; moderate medium subangular blocky parts to moderate fine granular, and moderate fine subangular blocky structure; soft, friable, slightly sticky, slightly plastic; many (25.0) very fine roots throughout and many (25.0) fine roots throughout; common (6.0) very fine dendritic tubular pores; 5 percent by volume nonflat subrounded indurated 2-45-75 millimeter mixed fragments; noneffervescent, by hcl, 1n; clear wavy boundary.; moist when described; observed in pit, small",0.7850264,,0.18488148,,0.0761608,,,668.5037721,,,well,,,"Fine-loamy, superactive, frigid Pachic Argiustolls",Bowbells,no,NASIS,NONHYDRIC_REFERENCE,12.0
184931,17N03510,5097,31145,37483,41,horizon,12.0,38.0,AB,AB,Loam,L,269167,bulk,normal,submitted,1,S2017ND093027,WGS84,47.205558,-99.17562,standardized,17N0689,S2017ND093027,,not started,C2017USND099,Site_C NEON_10_DCFS,2017,NEON,characterization,completed,Bowbells,mollisols,ustolls,argiustolls,United States,Stutsman,North Dakota,4,4,0.0,4.0,2018-06-20 15:45:31,2018-06-20 15:48:05,26.0,25.0,False,10-30,0.1252418,0.13098413,1.46423041,1.3430571,,17.3080141,22.0832265,1.29,0.8446886,0.16637425,5.955,6.71,47.1,30.8,1.29239253,0.15264479,0.01933501,8.3385319,17.7448562,0,S2017ND093027,EXACT,Designation and top/bottom depths agree,2476.0,S2017ND093027,2.0,AB,12.0,38.0,26.0,loam,"dark brown (10YR 3/3), very dark grayish brown (10YR 3/2), moist",very dark grayish brown,10YR 3/2,10YR,3.0,2.0,moist,10YR 3/3,10YR 3/2,,,,,,,,,,,,,,,"AB—12 to 38 centimeters (4.7 to 15.0 inches); dark brown (10YR 3/3), very dark grayish brown (10YR 3/2), moist; loam; 35 percent sand; 20 percent clay; moderate coarse subangular blocky parts to moderate medium subangular blocky structure; soft, friable, slightly sticky, slightly plastic; many (25.0) very fine roots throughout and common (10.0) fine roots throughout; common (4.0) very fine dendritic tubular pores; 1 percent by volume nonflat subrounded indurated 75-160-250 millimeter mixed fragments and 3 percent by volume nonflat subrounded indurated 2-45-75 millimeter mixed fragments; noneffervescent, by hcl, 1n; clear wavy boundary.; moist when described; observed in pit, small",0.8446886,,0.16637425,,0.0559562,,,541.0214063,,,well,,,"Fine-loamy, superactive, frigid Pachic Argiustolls",Bowbells,no,NASIS,NONHYDRIC_REFERENCE,18.0
184944,17N03523,5097,31148,37486,54,horizon,0.0,27.0,A1,A,Silty clay loam,SICL,269180,bulk,normal,submitted,1,S2017ND093063,WGS84,47.164857,-99.110863,standardized,17N0692,S2017ND093063,,not started,C2017USND099,Site_C NEON_10_DCFS,2017,NEON,characterization,completed,Parnell,mollisols,aquolls,argiaquolls,United States,Stutsman,North Dakota,4,4,0.0,4.0,2018-06-20 16:30:19,2018-06-20 16:33:00,27.0,13.5,True,10-30,0.0556361,0.08098214,,,,29.6625268,25.7993463,5.2,0.3051432,0.24122556,6.36,6.56,34.5,39.7,5.197398,0.51256391,0.04818101,17.2063799,,0,S2017ND093063,EXACT,Designation and top/bottom depths agree,2489.0,S2017ND093063,1.0,A1,0.0,27.0,27.0,silty clay loam,"black (10YR 2/1), black (10YR 2/1), dry",black,10YR 2/1,10YR,2.0,1.0,,,,,,,,,,,,,,,,,,"A1—0 to 27 centimeters (0.0 to 10.6 inches); black (10YR 2/1), black (10YR 2/1), dry; silty clay loam; 15 percent sand; 32 percent clay; slightly hard, friable, moderately sticky, moderately plastic; common (5.0) very fine roots throughout and common (3.0) fine roots throughout; fragments; noneffervescent, by hcl, 1n; gradual wavy boundary.; moist when described; observed in auger, bucket",0.3051432,,0.24122556,,0.0131392,,,124.5100461,,,very poorly,,,"Fine, smectitic, frigid Vertic Argiaquolls",Parnell,no,NASIS,HYDRIC_REFERENCE,27.0
184945,17N03524,5097,31148,37486,55,horizon,27.0,40.0,A2,A,Clay loam,CL,269181,bulk,normal,submitted,1,S2017ND093063,WGS84,47.164857,-99.110863,standardized,17N0692,S2017ND093063,,not started,C2017USND099,Site_C NEON_10_DCFS,2017,NEON,characterization,completed,Parnell,mollisols,aquolls,argiaquolls,United States,Stutsman,North Dakota,4,4,0.0,4.0,2018-06-20 16:33:54,2018-06-20 16:52:49,13.0,33.5,False,30-60,0.0477163,0.06565297,,,,20.1552684,27.7108483,1.42,0.3280918,0.22003446,5.9,6.43,33.8,38.5,1.41734291,0.1733441,0.01223605,12.4041259,,0,S2017ND093063,EXACT,Designation and top/bottom depths agree,2490.0,S2017ND093063,2.0,A2,27.0,40.0,13.0,clay loam,"very dark grayish brown (2.5Y 3/2), dark grayish brown (2.5Y 4/2), dry",dark grayish brown,2.5Y 4/2,2.5Y,4.0,2.0,,,,30 percent fine distinct brown (7.5YR 4/4) masses of oxidized iron,concentration,1.0,,30,30.0,,fine,distinct,,,,30 percent fine distinct brown (7.5YR 4/4) masses of oxidized iron,,"A2—27 to 40 centimeters (10.6 to 15.7 inches); very dark grayish brown (2.5Y 3/2), dark grayish brown (2.5Y 4/2), dry; clay loam; 25 percent sand; 38 percent clay; moderately hard, firm, moderately sticky, moderately plastic; common (3.0) very fine roots throughout; 30 percent fine distinct brown (7.5YR 4/4) masses of oxidized iron; fragments; noneffervescent, by hcl, 1n; gradual wavy boundary.; moist when described; observed in auger, bucket",0.3280918,,0.22003446,,0.0021101,,,15.315624,,,very poorly,,,"Fine, smectitic, frigid Vertic Argiaquolls",Parnell,no,NASIS,HYDRIC_REFERENCE,3.0
