lims_pedon_id,user_pedon_id,LRR,MLRA,approved_indicators_present,number_approved_indicators_present,has_at_least_one_approved_indicator_present,number_applicable_priority_indicators,number_not_demonstrated,number_insufficient_information,all_applicable_indicators_insufficient_information,interpretation
23336,S2012MA027001,R,144B,,0,False,10,1,9,False,Indicator evidence only; no final hydric/nonhydric label assigned.
24186,S2012CO123001,G,67B,,0,False,11,3,8,False,Indicator evidence only; no final hydric/nonhydric label assigned.
24847,S2012ND093001,F,53B,,0,False,11,0,11,True,Indicator evidence only; no final hydric/nonhydric label assigned.
27999,S2012GA007001,P,133A,,0,False,12,0,12,True,Indicator evidence only; no final hydric/nonhydric label assigned.
28656,S2013VA043001,S,147,,0,False,10,1,9,False,Indicator evidence only; no final hydric/nonhydric label assigned.
29041,S2013FL097001,U,155,,0,False,12,0,12,True,Indicator evidence only; no final hydric/nonhydric label assigned.
29212,S2013OK149001,H,78C,,0,False,11,0,11,True,Indicator evidence only; no final hydric/nonhydric label assigned.
29547,S2013NM013001,D,42B,,0,False,11,3,8,False,Indicator evidence only; no final hydric/nonhydric label assigned.
30209,S2013CO075001,H,72,,0,False,11,3,8,False,Indicator evidence only; no final hydric/nonhydric label assigned.
30342,S2013AL063001,P,135A,,0,False,12,2,10,False,Indicator evidence only; no final hydric/nonhydric label assigned.
30433,S2013VA187001,N,130A,,0,False,11,1,10,False,Indicator evidence only; no final hydric/nonhydric label assigned.
30664,S2013CO069001,E,48A,,0,False,10,1,9,False,Indicator evidence only; no final hydric/nonhydric label assigned.
32176,S2013NH003001,,,,0,False,0,0,0,False,Indicator evidence only; no final hydric/nonhydric label assigned.
32381,S2013MI053001,K,93B,,0,False,10,1,9,False,Indicator evidence only; no final hydric/nonhydric label assigned.
32609,S2013TN001001,N,128,,0,False,11,1,10,False,Indicator evidence only; no final hydric/nonhydric label assigned.
32683,S2014AZ019001,D,40,,0,False,11,0,11,True,Indicator evidence only; no final hydric/nonhydric label assigned.
32835,S2013VA071001,,,,0,False,0,0,0,False,Indicator evidence only; no final hydric/nonhydric label assigned.
32836,S2013VA071002,,,,0,False,0,0,0,False,Indicator evidence only; no final hydric/nonhydric label assigned.
32878,S2014AL007001,P,133C,,0,False,12,1,11,False,Indicator evidence only; no final hydric/nonhydric label assigned.
32922,S2014UT037001,,,,0,False,0,0,0,False,Indicator evidence only; no final hydric/nonhydric label assigned.
33023,S2014PR079001,Z,273,,0,False,12,9,3,False,Indicator evidence only; no final hydric/nonhydric label assigned.
33127,S2014MD003001,S,149A,,0,False,10,1,9,False,Indicator evidence only; no final hydric/nonhydric label assigned.
33204,S2014UT045001,D,28A,,0,False,11,3,8,False,Indicator evidence only; no final hydric/nonhydric label assigned.
33539,S2014KS161502,H,76,,0,False,11,6,5,False,Indicator evidence only; no final hydric/nonhydric label assigned.
33553,S2014KS161501,H,76,,0,False,11,3,8,False,Indicator evidence only; no final hydric/nonhydric label assigned.
33554,S2014KS161502,H,76,,0,False,11,6,5,False,Indicator evidence only; no final hydric/nonhydric label assigned.
33557,S2014KS045001,M,106,,0,False,11,1,10,False,Indicator evidence only; no final hydric/nonhydric label assigned.
33569,S2014KS161503,H,76,,0,False,11,1,10,False,Indicator evidence only; no final hydric/nonhydric label assigned.
33614,S2014CO013501,E,48A,,0,False,10,1,9,False,Indicator evidence only; no final hydric/nonhydric label assigned.
34175,S2015AL023004,P,133C,,0,False,12,2,10,False,Indicator evidence only; no final hydric/nonhydric label assigned.
34187,S2015TN155001,N,130B,,0,False,11,1,10,False,Indicator evidence only; no final hydric/nonhydric label assigned.
34193,S2015PR055001,Z,271,,0,False,12,6,6,False,Indicator evidence only; no final hydric/nonhydric label assigned.
34295,S2015WA011001,A,3,,0,False,10,1,9,False,Indicator evidence only; no final hydric/nonhydric label assigned.
34347,S2015WI069002,K,94D,,0,False,10,1,9,False,Indicator evidence only; no final hydric/nonhydric label assigned.
34348,S2015WI069001,K,94D,,0,False,10,1,9,False,Indicator evidence only; no final hydric/nonhydric label assigned.
34379,S2015AK240001,X1,229,,0,False,0,0,0,False,Indicator evidence only; no final hydric/nonhydric label assigned.
34489,S2015KS045100,M,106,,0,False,11,1,10,False,Indicator evidence only; no final hydric/nonhydric label assigned.
34490,S2015KS045101,M,106,,0,False,11,1,10,False,Indicator evidence only; no final hydric/nonhydric label assigned.
34491,S2015KS045102,M,106,,0,False,11,1,10,False,Indicator evidence only; no final hydric/nonhydric label assigned.
34492,S2015KS045103,M,106,,0,False,11,1,10,False,Indicator evidence only; no final hydric/nonhydric label assigned.
34493,S2015KS045104,M,106,,0,False,11,1,10,False,Indicator evidence only; no final hydric/nonhydric label assigned.
34494,S2015KS045105,M,106,,0,False,11,1,10,False,Indicator evidence only; no final hydric/nonhydric label assigned.
34495,S2015KS045106,M,106,,0,False,11,1,10,False,Indicator evidence only; no final hydric/nonhydric label assigned.
34496,S2015KS045107,M,106,,0,False,11,1,10,False,Indicator evidence only; no final hydric/nonhydric label assigned.
34497,S2015KS045108,M,106,,0,False,11,1,10,False,Indicator evidence only; no final hydric/nonhydric label assigned.
34498,S2015KS045109,M,106,,0,False,11,1,10,False,Indicator evidence only; no final hydric/nonhydric label assigned.
34499,S2015KS045110,M,106,,0,False,11,1,10,False,Indicator evidence only; no final hydric/nonhydric label assigned.
34500,S2015KS087100,M,106,,0,False,11,1,10,False,Indicator evidence only; no final hydric/nonhydric label assigned.
34501,S2015KS087101,M,106,,0,False,11,1,10,False,Indicator evidence only; no final hydric/nonhydric label assigned.
34502,S2015KS087102,M,106,,0,False,11,1,10,False,Indicator evidence only; no final hydric/nonhydric label assigned.
34503,S2015KS087103,M,106,,0,False,11,1,10,False,Indicator evidence only; no final hydric/nonhydric label assigned.
34504,S2015KS087104,M,106,,0,False,11,1,10,False,Indicator evidence only; no final hydric/nonhydric label assigned.
34505,S2015KS087105,M,106,,0,False,11,1,10,False,Indicator evidence only; no final hydric/nonhydric label assigned.
34506,S2015KS087106,M,106,,0,False,11,1,10,False,Indicator evidence only; no final hydric/nonhydric label assigned.
34774,S2015KS061100,H,76,,0,False,11,3,8,False,Indicator evidence only; no final hydric/nonhydric label assigned.
34775,S2015KS161100,H,76,,0,False,11,6,5,False,Indicator evidence only; no final hydric/nonhydric label assigned.
34776,S2015KS161101,H,76,,0,False,11,6,5,False,Indicator evidence only; no final hydric/nonhydric label assigned.
34777,S2015KS161102,H,76,,0,False,11,3,8,False,Indicator evidence only; no final hydric/nonhydric label assigned.
34778,S2015KS161103,H,76,,0,False,11,3,8,False,Indicator evidence only; no final hydric/nonhydric label assigned.
34779,S2015KS161104,H,76,,0,False,11,3,8,False,Indicator evidence only; no final hydric/nonhydric label assigned.
34780,S2015KS161105,H,76,,0,False,11,3,8,False,Indicator evidence only; no final hydric/nonhydric label assigned.
34781,S2015KS161106,H,76,,0,False,11,3,8,False,Indicator evidence only; no final hydric/nonhydric label assigned.
34782,S2015KS161107,H,76,,0,False,11,6,5,False,Indicator evidence only; no final hydric/nonhydric label assigned.
34783,S2015KS161108,H,76,,0,False,11,3,8,False,Indicator evidence only; no final hydric/nonhydric label assigned.
34784,S2015KS161109,H,76,,0,False,11,3,8,False,Indicator evidence only; no final hydric/nonhydric label assigned.
34785,S2015KS161110,H,76,,0,False,11,3,8,False,Indicator evidence only; no final hydric/nonhydric label assigned.
34786,S2015KS161111,H,76,,0,False,11,6,5,False,Indicator evidence only; no final hydric/nonhydric label assigned.
34828,S2015CO075001,H,72,,0,False,11,3,8,False,Indicator evidence only; no final hydric/nonhydric label assigned.
34829,S2015CO075002,H,72,,0,False,11,3,8,False,Indicator evidence only; no final hydric/nonhydric label assigned.
34830,S2015CO075003,H,72,,0,False,11,3,8,False,Indicator evidence only; no final hydric/nonhydric label assigned.
34831,S2015CO075004,H,72,,0,False,11,3,8,False,Indicator evidence only; no final hydric/nonhydric label assigned.
34832,S2015CO075005,H,72,,0,False,11,3,8,False,Indicator evidence only; no final hydric/nonhydric label assigned.
34833,S2015CO075006,H,72,,0,False,11,3,8,False,Indicator evidence only; no final hydric/nonhydric label assigned.
34834,S2015CO075007,H,72,,0,False,11,3,8,False,Indicator evidence only; no final hydric/nonhydric label assigned.
34835,S2015CO075008,H,72,,0,False,11,3,8,False,Indicator evidence only; no final hydric/nonhydric label assigned.
34836,S2015CO075009,H,72,,0,False,11,3,8,False,Indicator evidence only; no final hydric/nonhydric label assigned.
34837,S2015CO075010,H,72,,0,False,11,3,8,False,Indicator evidence only; no final hydric/nonhydric label assigned.
34838,S2015CO075011,H,72,,0,False,11,3,8,False,Indicator evidence only; no final hydric/nonhydric label assigned.
34938,S2015ND093009,F,53B,,0,False,11,6,5,False,Indicator evidence only; no final hydric/nonhydric label assigned.
34939,S2015ND093010,F,53B,,0,False,11,3,8,False,Indicator evidence only; no final hydric/nonhydric label assigned.
34940,S2015ND093013,F,53B,,0,False,11,1,10,False,Indicator evidence only; no final hydric/nonhydric label assigned.
34941,S2015ND093017,F,53B,,0,False,11,3,8,False,Indicator evidence only; no final hydric/nonhydric label assigned.
34942,S2015ND093019,F,53B,,0,False,11,9,2,False,Indicator evidence only; no final hydric/nonhydric label assigned.
34943,S2015ND093021,F,53B,,0,False,11,1,10,False,Indicator evidence only; no final hydric/nonhydric label assigned.
34944,S2015ND093022,F,53B,,0,False,11,1,10,False,Indicator evidence only; no final hydric/nonhydric label assigned.
34945,S2015ND093026,F,53B,,0,False,11,1,10,False,Indicator evidence only; no final hydric/nonhydric label assigned.
34946,S2015ND093028,F,53B,,0,False,11,1,10,False,Indicator evidence only; no final hydric/nonhydric label assigned.
34947,S2015ND093029,F,53B,,0,False,11,1,10,False,Indicator evidence only; no final hydric/nonhydric label assigned.
34948,S2015ND093030,F,53B,,0,False,11,1,10,False,Indicator evidence only; no final hydric/nonhydric label assigned.
34949,S2015ND093031,F,53B,,0,False,11,1,10,False,Indicator evidence only; no final hydric/nonhydric label assigned.
34950,S2015ND093032,F,53B,,0,False,11,3,8,False,Indicator evidence only; no final hydric/nonhydric label assigned.
34951,S2015ND093033,F,53B,,0,False,11,6,5,False,Indicator evidence only; no final hydric/nonhydric label assigned.
34952,S2015ND093034,F,53B,F2,1,True,11,2,8,False,Indicator evidence only; no final hydric/nonhydric label assigned.
35000,S2015AL063021,P,135A,,0,False,12,1,11,False,Indicator evidence only; no final hydric/nonhydric label assigned.
35001,S2015AL063001,P,135A,,0,False,12,1,11,False,Indicator evidence only; no final hydric/nonhydric label assigned.
35002,S2015AL063002,P,135A,,0,False,12,1,11,False,Indicator evidence only; no final hydric/nonhydric label assigned.
35003,S2015AL063003,P,135A,,0,False,12,1,11,False,Indicator evidence only; no final hydric/nonhydric label assigned.
35004,S2015AL063004,P,135A,,0,False,12,1,11,False,Indicator evidence only; no final hydric/nonhydric label assigned.
35005,S2015AL063005,P,135A,,0,False,12,1,11,False,Indicator evidence only; no final hydric/nonhydric label assigned.
35006,S2015AL063006,P,135A,,0,False,12,1,11,False,Indicator evidence only; no final hydric/nonhydric label assigned.
35007,S2015AL063007,P,135A,,0,False,12,1,11,False,Indicator evidence only; no final hydric/nonhydric label assigned.
35008,S2015AL063008,P,135A,,0,False,12,1,11,False,Indicator evidence only; no final hydric/nonhydric label assigned.
35009,S2015AL063009,P,135A,,0,False,12,1,11,False,Indicator evidence only; no final hydric/nonhydric label assigned.
35010,S2015AL063010,P,135A,,0,False,12,1,11,False,Indicator evidence only; no final hydric/nonhydric label assigned.
35011,S2015AL063011,P,135A,,0,False,12,1,11,False,Indicator evidence only; no final hydric/nonhydric label assigned.
35012,S2015AL063012,P,135A,,0,False,12,1,11,False,Indicator evidence only; no final hydric/nonhydric label assigned.
35013,S2015AL063013,P,135A,,0,False,12,1,11,False,Indicator evidence only; no final hydric/nonhydric label assigned.
35014,S2015AL063014,P,135A,,0,False,12,1,11,False,Indicator evidence only; no final hydric/nonhydric label assigned.
35015,S2015AL063015,P,135A,,0,False,12,1,11,False,Indicator evidence only; no final hydric/nonhydric label assigned.
35016,S2015AL063016,P,135A,,0,False,12,1,11,False,Indicator evidence only; no final hydric/nonhydric label assigned.
35017,S2015AL063017,P,135A,,0,False,12,1,11,False,Indicator evidence only; no final hydric/nonhydric label assigned.
35018,S2015AL063018,P,135A,,0,False,12,1,11,False,Indicator evidence only; no final hydric/nonhydric label assigned.
35019,S2015AL063019,P,135A,,0,False,12,1,11,False,Indicator evidence only; no final hydric/nonhydric label assigned.
35020,S2015AL063020,P,135A,,0,False,12,1,11,False,Indicator evidence only; no final hydric/nonhydric label assigned.
35032,S2016OK149002,H,78C,,0,False,11,3,8,False,Indicator evidence only; no final hydric/nonhydric label assigned.
35033,S2016OK149003,H,78C,,0,False,11,1,10,False,Indicator evidence only; no final hydric/nonhydric label assigned.
35034,S2016OK149004,H,78C,,0,False,11,3,8,False,Indicator evidence only; no final hydric/nonhydric label assigned.
35035,S2016OK149005,H,78C,,0,False,11,3,8,False,Indicator evidence only; no final hydric/nonhydric label assigned.
35036,S2016OK149007,H,78C,,0,False,11,1,10,False,Indicator evidence only; no final hydric/nonhydric label assigned.
35037,S2016OK149010,H,78C,,0,False,11,3,8,False,Indicator evidence only; no final hydric/nonhydric label assigned.
35038,S2016OK149012,H,78C,,0,False,11,3,8,False,Indicator evidence only; no final hydric/nonhydric label assigned.
35039,S2016OK149014,H,78C,,0,False,11,3,8,False,Indicator evidence only; no final hydric/nonhydric label assigned.
35040,S2016OK149015,H,78C,,0,False,11,3,8,False,Indicator evidence only; no final hydric/nonhydric label assigned.
35041,S2016OK149016,H,78C,,0,False,11,3,8,False,Indicator evidence only; no final hydric/nonhydric label assigned.
35042,S2016OK149019,H,78C,,0,False,11,1,10,False,Indicator evidence only; no final hydric/nonhydric label assigned.
35043,S2016OK149020,H,78C,,0,False,11,3,8,False,Indicator evidence only; no final hydric/nonhydric label assigned.
35044,S2016OK149025,H,78C,,0,False,11,1,10,False,Indicator evidence only; no final hydric/nonhydric label assigned.
35045,S2016OK149029,H,78C,,0,False,11,3,8,False,Indicator evidence only; no final hydric/nonhydric label assigned.
35046,S2016OK149030,H,78C,,0,False,11,3,8,False,Indicator evidence only; no final hydric/nonhydric label assigned.
35064,S2015VA187002,N,130A,,0,False,11,1,10,False,Indicator evidence only; no final hydric/nonhydric label assigned.
35065,S2015VA187004,N,130A,,0,False,11,1,10,False,Indicator evidence only; no final hydric/nonhydric label assigned.
35066,S2015VA187005,S,147,,0,False,10,1,9,False,Indicator evidence only; no final hydric/nonhydric label assigned.
35067,S2015VA187006,N,130A,,0,False,11,1,10,False,Indicator evidence only; no final hydric/nonhydric label assigned.
35068,S2015VA187007,N,130A,,0,False,11,1,10,False,Indicator evidence only; no final hydric/nonhydric label assigned.
35069,S2015VA187008,N,130A,,0,False,11,1,10,False,Indicator evidence only; no final hydric/nonhydric label assigned.
35070,S2015VA187010,N,130A,,0,False,11,1,10,False,Indicator evidence only; no final hydric/nonhydric label assigned.
35071,S2015VA187011,N,130A,,0,False,11,1,10,False,Indicator evidence only; no final hydric/nonhydric label assigned.
35072,S2015VA187013,N,130A,,0,False,11,1,10,False,Indicator evidence only; no final hydric/nonhydric label assigned.
35073,S2015VA187014,N,130A,,0,False,11,1,10,False,Indicator evidence only; no final hydric/nonhydric label assigned.
35074,S2015VA187017,N,130A,,0,False,11,1,10,False,Indicator evidence only; no final hydric/nonhydric label assigned.
35075,S2015VA187019,S,147,,0,False,10,1,9,False,Indicator evidence only; no final hydric/nonhydric label assigned.
35076,S2015VA187021,N,130A,,0,False,11,1,10,False,Indicator evidence only; no final hydric/nonhydric label assigned.
35077,S2015VA187022,N,130A,,0,False,11,1,10,False,Indicator evidence only; no final hydric/nonhydric label assigned.
35078,S2015VA187034,N,130A,,0,False,11,1,10,False,Indicator evidence only; no final hydric/nonhydric label assigned.
35079,S2015VA187035,N,130A,,0,False,11,1,10,False,Indicator evidence only; no final hydric/nonhydric label assigned.
35080,S2015VA187037,N,130A,,0,False,11,1,10,False,Indicator evidence only; no final hydric/nonhydric label assigned.
35081,S2015VA187043,N,130A,,0,False,11,1,10,False,Indicator evidence only; no final hydric/nonhydric label assigned.
35128,S2016CO123001,G,67B,,0,False,11,3,8,False,Indicator evidence only; no final hydric/nonhydric label assigned.
35129,S2016CO123002,G,67B,,0,False,11,3,8,False,Indicator evidence only; no final hydric/nonhydric label assigned.
35130,S2016CO123003,G,67B,,0,False,11,3,8,False,Indicator evidence only; no final hydric/nonhydric label assigned.
35131,S2016CO123004,G,67B,,0,False,11,3,8,False,Indicator evidence only; no final hydric/nonhydric label assigned.
35132,S2016CO123005,G,67B,,0,False,11,3,8,False,Indicator evidence only; no final hydric/nonhydric label assigned.
35133,S2016CO123006,G,67B,,0,False,11,3,8,False,Indicator evidence only; no final hydric/nonhydric label assigned.
35134,S2016CO123007,G,67B,,0,False,11,1,10,False,Indicator evidence only; no final hydric/nonhydric label assigned.
35135,S2016CO123008,G,67B,,0,False,11,3,8,False,Indicator evidence only; no final hydric/nonhydric label assigned.
35136,S2016CO123009,G,67B,,0,False,11,3,8,False,Indicator evidence only; no final hydric/nonhydric label assigned.
35137,S2016CO123010,G,67B,,0,False,11,1,10,False,Indicator evidence only; no final hydric/nonhydric label assigned.
35138,S2016CO123011,G,67B,,0,False,11,3,8,False,Indicator evidence only; no final hydric/nonhydric label assigned.
35139,S2016CO123012,G,67B,,0,False,11,3,8,False,Indicator evidence only; no final hydric/nonhydric label assigned.
35140,S2016CO123013,G,67B,,0,False,11,3,8,False,Indicator evidence only; no final hydric/nonhydric label assigned.
35141,S2016CO123014,G,67B,,0,False,11,3,8,False,Indicator evidence only; no final hydric/nonhydric label assigned.
35142,S2016CO123015,G,67B,,0,False,11,3,8,False,Indicator evidence only; no final hydric/nonhydric label assigned.
35143,S2016CO123016,G,67B,,0,False,11,3,8,False,Indicator evidence only; no final hydric/nonhydric label assigned.
35144,S2016CO123017,G,67B,,0,False,11,3,8,False,Indicator evidence only; no final hydric/nonhydric label assigned.
35261,S2016TX497001,J,84B,,0,False,10,6,4,False,Indicator evidence only; no final hydric/nonhydric label assigned.
35287,S2016MD003001,S,149A,,0,False,10,1,9,False,Indicator evidence only; no final hydric/nonhydric label assigned.
35288,S2016MD003004,S,149A,,0,False,10,1,9,False,Indicator evidence only; no final hydric/nonhydric label assigned.
35289,S2016MD003006,S,149A,,0,False,10,1,9,False,Indicator evidence only; no final hydric/nonhydric label assigned.
35290,S2016MD003007,S,149A,,0,False,10,1,9,False,Indicator evidence only; no final hydric/nonhydric label assigned.
35291,S2016MD003009,S,149A,,0,False,10,1,9,False,Indicator evidence only; no final hydric/nonhydric label assigned.
35292,S2016MD003010,S,149A,,0,False,10,1,9,False,Indicator evidence only; no final hydric/nonhydric label assigned.
35293,S2016MD003011,S,149A,,0,False,10,1,9,False,Indicator evidence only; no final hydric/nonhydric label assigned.
35294,S2016MD003012,S,149A,,0,False,10,1,9,False,Indicator evidence only; no final hydric/nonhydric label assigned.
35295,S2016MD003013,S,149A,,0,False,10,1,9,False,Indicator evidence only; no final hydric/nonhydric label assigned.
35296,S2016MD003014,S,149A,,0,False,10,1,9,False,Indicator evidence only; no final hydric/nonhydric label assigned.
35297,S2016MD003019,S,149A,,0,False,10,1,9,False,Indicator evidence only; no final hydric/nonhydric label assigned.
35298,S2016MD003020,S,149A,,0,False,10,1,9,False,Indicator evidence only; no final hydric/nonhydric label assigned.
35299,S2016MD003022,S,149A,,0,False,10,1,9,False,Indicator evidence only; no final hydric/nonhydric label assigned.
35300,S2016MD003025,S,149A,,0,False,10,1,9,False,Indicator evidence only; no final hydric/nonhydric label assigned.
35301,S2016MD003026,S,149A,,0,False,10,1,9,False,Indicator evidence only; no final hydric/nonhydric label assigned.
35302,S2016MD003027,S,149A,,0,False,10,1,9,False,Indicator evidence only; no final hydric/nonhydric label assigned.
35303,S2016MD003028,S,149A,,0,False,10,1,9,False,Indicator evidence only; no final hydric/nonhydric label assigned.
35304,S2016MD003029,S,149A,,0,False,10,1,9,False,Indicator evidence only; no final hydric/nonhydric label assigned.
35305,S2016MD003030,S,149A,,0,False,10,1,9,False,Indicator evidence only; no final hydric/nonhydric label assigned.
35306,S2016MD003068,S,149A,,0,False,10,1,9,False,Indicator evidence only; no final hydric/nonhydric label assigned.
35322,S2016AK185001,Y,245,,0,False,3,1,2,False,Indicator evidence only; no final hydric/nonhydric label assigned.
35323,S2016AK185002,Y,246,,0,False,3,1,2,False,Indicator evidence only; no final hydric/nonhydric label assigned.
35338,S2016UT037001,D,35,,0,False,11,3,8,False,Indicator evidence only; no final hydric/nonhydric label assigned.
35339,S2016UT037002,D,35,,0,False,11,3,8,False,Indicator evidence only; no final hydric/nonhydric label assigned.
35340,S2016UT037003,D,35,,0,False,11,3,8,False,Indicator evidence only; no final hydric/nonhydric label assigned.
35341,S2016UT037004,D,36,,0,False,11,3,8,False,Indicator evidence only; no final hydric/nonhydric label assigned.
35342,S2016UT037005,D,36,,0,False,11,3,8,False,Indicator evidence only; no final hydric/nonhydric label assigned.
35343,S2016UT037006,D,35,,0,False,11,3,8,False,Indicator evidence only; no final hydric/nonhydric label assigned.
35344,S2016UT037007,D,35,,0,False,11,3,8,False,Indicator evidence only; no final hydric/nonhydric label assigned.
35345,S2016UT037008,D,35,,0,False,11,3,8,False,Indicator evidence only; no final hydric/nonhydric label assigned.
35346,S2016UT037009,D,35,,0,False,11,3,8,False,Indicator evidence only; no final hydric/nonhydric label assigned.
35347,S2016UT037010,D,35,,0,False,11,3,8,False,Indicator evidence only; no final hydric/nonhydric label assigned.
35348,S2016UT037011,D,35,,0,False,11,3,8,False,Indicator evidence only; no final hydric/nonhydric label assigned.
35391,S2016NM013001,D,42B,,0,False,11,3,8,False,Indicator evidence only; no final hydric/nonhydric label assigned.
35392,S2016NM013002,D,42B,,0,False,11,3,8,False,Indicator evidence only; no final hydric/nonhydric label assigned.
35393,S2016NM013003,D,42B,,0,False,11,3,8,False,Indicator evidence only; no final hydric/nonhydric label assigned.
35394,S2016NM013004,D,42B,,0,False,11,3,8,False,Indicator evidence only; no final hydric/nonhydric label assigned.
35395,S2016NM013005,D,42B,,0,False,11,3,8,False,Indicator evidence only; no final hydric/nonhydric label assigned.
35396,S2016NM013006,D,42B,,0,False,11,3,8,False,Indicator evidence only; no final hydric/nonhydric label assigned.
35397,S2016NM013007,D,42B,,0,False,11,3,8,False,Indicator evidence only; no final hydric/nonhydric label assigned.
35398,S2016NM013008,D,42B,,0,False,11,3,8,False,Indicator evidence only; no final hydric/nonhydric label assigned.
35399,S2016NM013009,D,42B,,0,False,11,3,8,False,Indicator evidence only; no final hydric/nonhydric label assigned.
35400,S2016NM013010,D,42B,,0,False,11,3,8,False,Indicator evidence only; no final hydric/nonhydric label assigned.
35401,S2016NM013011,D,42B,,0,False,11,3,8,False,Indicator evidence only; no final hydric/nonhydric label assigned.
35402,S2016NM013012,D,42B,,0,False,11,3,8,False,Indicator evidence only; no final hydric/nonhydric label assigned.
35403,S2016NM013013,D,42B,,0,False,11,3,8,False,Indicator evidence only; no final hydric/nonhydric label assigned.
35404,S2016NM013014,D,42B,,0,False,11,3,8,False,Indicator evidence only; no final hydric/nonhydric label assigned.
35405,S2016NM013015,D,42B,,0,False,11,3,8,False,Indicator evidence only; no final hydric/nonhydric label assigned.
35406,S2016NM013016,D,42B,,0,False,11,3,8,False,Indicator evidence only; no final hydric/nonhydric label assigned.
35444,S2016ND059001,F,54,,0,False,11,3,8,False,Indicator evidence only; no final hydric/nonhydric label assigned.
35445,S2016ND059003,F,54,,0,False,11,3,8,False,Indicator evidence only; no final hydric/nonhydric label assigned.
35446,S2016ND059005,F,54,,0,False,11,8,3,False,Indicator evidence only; no final hydric/nonhydric label assigned.
35447,S2016ND059007,F,54,,0,False,11,6,5,False,Indicator evidence only; no final hydric/nonhydric label assigned.
35448,S2016ND059008,F,54,,0,False,11,3,8,False,Indicator evidence only; no final hydric/nonhydric label assigned.
35449,S2016ND059011,F,54,,0,False,11,6,5,False,Indicator evidence only; no final hydric/nonhydric label assigned.
35450,S2016ND059013,F,54,,0,False,11,3,8,False,Indicator evidence only; no final hydric/nonhydric label assigned.
35451,S2016ND059014,F,54,,0,False,11,6,5,False,Indicator evidence only; no final hydric/nonhydric label assigned.
35452,S2016ND059016,F,54,,0,False,11,6,5,False,Indicator evidence only; no final hydric/nonhydric label assigned.
35453,S2016ND059017,F,54,,0,False,11,6,5,False,Indicator evidence only; no final hydric/nonhydric label assigned.
35454,S2016ND059020,F,54,,0,False,11,6,5,False,Indicator evidence only; no final hydric/nonhydric label assigned.
35455,S2016ND059021,F,54,,0,False,11,3,8,False,Indicator evidence only; no final hydric/nonhydric label assigned.
35456,S2016ND059022,F,54,,0,False,11,1,10,False,Indicator evidence only; no final hydric/nonhydric label assigned.
35457,S2016ND059023,F,54,,0,False,11,6,5,False,Indicator evidence only; no final hydric/nonhydric label assigned.
35458,S2016ND059024,F,54,,0,False,11,3,8,False,Indicator evidence only; no final hydric/nonhydric label assigned.
35459,S2016ND059027,F,54,,0,False,11,3,8,False,Indicator evidence only; no final hydric/nonhydric label assigned.
35460,S2016ND059030,F,54,,0,False,11,6,5,False,Indicator evidence only; no final hydric/nonhydric label assigned.
35461,S2016ND059029,F,54,,0,False,11,3,8,False,Indicator evidence only; no final hydric/nonhydric label assigned.
35546,S2016NH003001,R,143,,0,False,10,1,9,False,Indicator evidence only; no final hydric/nonhydric label assigned.
35547,S2016NH003002,R,143,,0,False,10,1,9,False,Indicator evidence only; no final hydric/nonhydric label assigned.
35548,S2016NH003003,R,143,,0,False,10,1,9,False,Indicator evidence only; no final hydric/nonhydric label assigned.
35549,S2016NH003004,R,143,,0,False,10,1,9,False,Indicator evidence only; no final hydric/nonhydric label assigned.
35550,S2016NH003005,R,143,,0,False,10,1,9,False,Indicator evidence only; no final hydric/nonhydric label assigned.
35551,S2016NH003006,R,143,,0,False,10,1,9,False,Indicator evidence only; no final hydric/nonhydric label assigned.
35552,S2016NH003007,R,143,,0,False,10,1,9,False,Indicator evidence only; no final hydric/nonhydric label assigned.
35596,S2016MI053001,K,93B,,0,False,10,1,9,False,Indicator evidence only; no final hydric/nonhydric label assigned.
35597,S2016MI053002,K,93B,,0,False,10,1,9,False,Indicator evidence only; no final hydric/nonhydric label assigned.
35598,S2016MI053004,K,93B,,0,False,10,1,9,False,Indicator evidence only; no final hydric/nonhydric label assigned.
35599,S2016MI053007,K,93B,,0,False,10,1,9,False,Indicator evidence only; no final hydric/nonhydric label assigned.
35600,S2016MI053009,K,93B,,0,False,10,1,9,False,Indicator evidence only; no final hydric/nonhydric label assigned.
35601,S2016MI053010,K,93B,,0,False,10,1,9,False,Indicator evidence only; no final hydric/nonhydric label assigned.
35602,S2016MI053015,K,93B,,0,False,10,1,9,False,Indicator evidence only; no final hydric/nonhydric label assigned.
35603,S2016MI053026,K,93B,,0,False,10,1,9,False,Indicator evidence only; no final hydric/nonhydric label assigned.
35604,S2016MI053031,K,93B,,0,False,10,1,9,False,Indicator evidence only; no final hydric/nonhydric label assigned.
35606,S2016MI053032,K,93B,,0,False,10,1,9,False,Indicator evidence only; no final hydric/nonhydric label assigned.
35607,S2016MI053033,K,93B,,0,False,10,1,9,False,Indicator evidence only; no final hydric/nonhydric label assigned.
35608,S2016MI053034,K,93B,,0,False,10,1,9,False,Indicator evidence only; no final hydric/nonhydric label assigned.
35609,S2016MI053016,K,93B,,0,False,10,1,9,False,Indicator evidence only; no final hydric/nonhydric label assigned.
35738,S2016NH003008,R,143,,0,False,10,1,9,False,Indicator evidence only; no final hydric/nonhydric label assigned.
35741,S2016NH003009,R,143,,0,False,10,1,9,False,Indicator evidence only; no final hydric/nonhydric label assigned.
35742,S2016NH003010,R,143,,0,False,10,1,9,False,Indicator evidence only; no final hydric/nonhydric label assigned.
35743,S2016NH003011,R,143,,0,False,10,1,9,False,Indicator evidence only; no final hydric/nonhydric label assigned.
35744,S2016NH003012,R,143,,0,False,10,1,9,False,Indicator evidence only; no final hydric/nonhydric label assigned.
35745,S2016NH003013,R,143,,0,False,10,1,9,False,Indicator evidence only; no final hydric/nonhydric label assigned.
35746,S2016NH003014,R,143,,0,False,10,1,9,False,Indicator evidence only; no final hydric/nonhydric label assigned.
35747,S2016NH003015,R,143,,0,False,10,1,9,False,Indicator evidence only; no final hydric/nonhydric label assigned.
36333,S2016CA019001,D,22A,,0,False,11,0,11,True,Indicator evidence only; no final hydric/nonhydric label assigned.
36334,S2016CA019002,,,,0,False,0,0,0,False,Indicator evidence only; no final hydric/nonhydric label assigned.
36335,S2016CA019003,D,22A,,0,False,11,5,6,False,Indicator evidence only; no final hydric/nonhydric label assigned.
36691,S2016WI099019,K,90A,,0,False,10,1,9,False,Indicator evidence only; no final hydric/nonhydric label assigned.
36692,S2016WI099006,K,90A,,0,False,10,1,9,False,Indicator evidence only; no final hydric/nonhydric label assigned.
36693,S2016WI099015,K,90A,,0,False,10,1,9,False,Indicator evidence only; no final hydric/nonhydric label assigned.
36694,S2016WI099008,K,90A,,0,False,10,1,9,False,Indicator evidence only; no final hydric/nonhydric label assigned.
36698,S2016WI099026,K,90A,,0,False,10,1,9,False,Indicator evidence only; no final hydric/nonhydric label assigned.
36700,S2016WI099024,K,90A,,0,False,10,1,9,False,Indicator evidence only; no final hydric/nonhydric label assigned.
36701,S2016WI099005,K,90A,,0,False,10,1,9,False,Indicator evidence only; no final hydric/nonhydric label assigned.
36702,S2016WI099012,K,90A,,0,False,10,1,9,False,Indicator evidence only; no final hydric/nonhydric label assigned.
36705,S2016WI069059,K,94D,,0,False,10,1,9,False,Indicator evidence only; no final hydric/nonhydric label assigned.
36707,S2016WI069053,K,94D,,0,False,10,1,9,False,Indicator evidence only; no final hydric/nonhydric label assigned.
36708,S2016WI099022,K,90A,,0,False,10,1,9,False,Indicator evidence only; no final hydric/nonhydric label assigned.
36711,S2016WI099017,K,90A,,0,False,10,1,9,False,Indicator evidence only; no final hydric/nonhydric label assigned.
36712,S2016WI099011,K,90A,,0,False,10,1,9,False,Indicator evidence only; no final hydric/nonhydric label assigned.
36713,S2016WI099010,K,90A,,0,False,10,1,9,False,Indicator evidence only; no final hydric/nonhydric label assigned.
36810,S2016MA027015,R,144B,,0,False,10,1,9,False,Indicator evidence only; no final hydric/nonhydric label assigned.
36815,S2016CA039001,,,,0,False,0,0,0,False,Indicator evidence only; no final hydric/nonhydric label assigned.
37008,S2016WI069001,K,94D,,0,False,10,1,9,False,Indicator evidence only; no final hydric/nonhydric label assigned.
37009,S2016WI069006,K,94D,,0,False,10,1,9,False,Indicator evidence only; no final hydric/nonhydric label assigned.
37010,S2016WI069009,K,94D,,0,False,10,1,9,False,Indicator evidence only; no final hydric/nonhydric label assigned.
37011,S2016WI069011,K,94D,,0,False,10,1,9,False,Indicator evidence only; no final hydric/nonhydric label assigned.
37012,S2016WI069017,K,94D,,0,False,10,1,9,False,Indicator evidence only; no final hydric/nonhydric label assigned.
37013,S2016WI069019,K,94D,,0,False,10,1,9,False,Indicator evidence only; no final hydric/nonhydric label assigned.
37014,S2016WI069020,K,94D,,0,False,10,1,9,False,Indicator evidence only; no final hydric/nonhydric label assigned.
37015,S2016WI069021,K,94D,,0,False,10,1,9,False,Indicator evidence only; no final hydric/nonhydric label assigned.
37016,S2016WI069024,K,94D,,0,False,10,1,9,False,Indicator evidence only; no final hydric/nonhydric label assigned.
37017,S2016WI069041,K,94D,,0,False,10,1,9,False,Indicator evidence only; no final hydric/nonhydric label assigned.
37018,S2016WI069050,K,94D,,0,False,10,1,9,False,Indicator evidence only; no final hydric/nonhydric label assigned.
37151,S2016UT045011,D,28A,,0,False,11,3,8,False,Indicator evidence only; no final hydric/nonhydric label assigned.
37152,S2016UT045015,D,28A,,0,False,11,3,8,False,Indicator evidence only; no final hydric/nonhydric label assigned.
37153,S2016UT045024,D,28A,,0,False,11,3,8,False,Indicator evidence only; no final hydric/nonhydric label assigned.
37154,S2016UT045008,D,28A,,0,False,11,3,8,False,Indicator evidence only; no final hydric/nonhydric label assigned.
37155,S2016UT045032,D,28A,,0,False,11,3,8,False,Indicator evidence only; no final hydric/nonhydric label assigned.
37156,S2016UT045025,D,28A,,0,False,11,3,8,False,Indicator evidence only; no final hydric/nonhydric label assigned.
37157,S2016UT045004,D,28A,,0,False,11,3,8,False,Indicator evidence only; no final hydric/nonhydric label assigned.
37158,S2016UT045018,D,28A,,0,False,11,3,8,False,Indicator evidence only; no final hydric/nonhydric label assigned.
37159,S2016UT045029,D,28A,,0,False,11,3,8,False,Indicator evidence only; no final hydric/nonhydric label assigned.
37160,S2016UT045030,D,28A,,0,False,11,3,8,False,Indicator evidence only; no final hydric/nonhydric label assigned.
37161,S2016UT045012,D,28A,,0,False,11,3,8,False,Indicator evidence only; no final hydric/nonhydric label assigned.
37196,S2016TN001001,N,128,,0,False,11,1,10,False,Indicator evidence only; no final hydric/nonhydric label assigned.
37197,S2016TN001003,N,128,,0,False,11,1,10,False,Indicator evidence only; no final hydric/nonhydric label assigned.
37198,S2016TN001009,N,128,,0,False,11,1,10,False,Indicator evidence only; no final hydric/nonhydric label assigned.
37199,S2016TN001012,N,128,,0,False,11,1,10,False,Indicator evidence only; no final hydric/nonhydric label assigned.
37200,S2016TN001015,N,128,,0,False,11,1,10,False,Indicator evidence only; no final hydric/nonhydric label assigned.
37201,S2016TN001018,N,128,,0,False,11,1,10,False,Indicator evidence only; no final hydric/nonhydric label assigned.
37202,S2016TN001021,N,128,,0,False,11,1,10,False,Indicator evidence only; no final hydric/nonhydric label assigned.
37216,S2016TN001027,N,128,,0,False,11,1,10,False,Indicator evidence only; no final hydric/nonhydric label assigned.
37217,S2016TN001029,N,128,,0,False,11,1,10,False,Indicator evidence only; no final hydric/nonhydric label assigned.
37218,S2016TN001031,N,128,,0,False,11,1,10,False,Indicator evidence only; no final hydric/nonhydric label assigned.
37219,S2016TN001033,N,128,,0,False,11,1,10,False,Indicator evidence only; no final hydric/nonhydric label assigned.
37220,S2016TN001040,N,128,,0,False,11,1,10,False,Indicator evidence only; no final hydric/nonhydric label assigned.
37221,S2016TN145004,N,128,,0,False,11,1,10,False,Indicator evidence only; no final hydric/nonhydric label assigned.
37222,S2016TN145007,N,128,,0,False,11,1,10,False,Indicator evidence only; no final hydric/nonhydric label assigned.
37223,S2016TN145008,N,128,,0,False,11,1,10,False,Indicator evidence only; no final hydric/nonhydric label assigned.
37224,S2016TN145010,N,128,,0,False,11,1,10,False,Indicator evidence only; no final hydric/nonhydric label assigned.
37225,S2016TN145014,N,128,,0,False,11,1,10,False,Indicator evidence only; no final hydric/nonhydric label assigned.
37227,S2016TN145032,N,128,,0,False,11,1,10,False,Indicator evidence only; no final hydric/nonhydric label assigned.
37228,S2016TN145035,N,128,,0,False,11,1,10,False,Indicator evidence only; no final hydric/nonhydric label assigned.
37229,S2016TN145068,N,128,,0,False,11,1,10,False,Indicator evidence only; no final hydric/nonhydric label assigned.
37293,S2016TN155001,N,130B,,0,False,11,1,10,False,Indicator evidence only; no final hydric/nonhydric label assigned.
37294,S2016TN155002,N,130B,,0,False,11,1,10,False,Indicator evidence only; no final hydric/nonhydric label assigned.
37295,S2016TN155003,N,130B,,0,False,11,1,10,False,Indicator evidence only; no final hydric/nonhydric label assigned.
37296,S2016TN155006,N,130B,,0,False,11,1,10,False,Indicator evidence only; no final hydric/nonhydric label assigned.
37297,S2016TN155007,N,130B,,0,False,11,1,10,False,Indicator evidence only; no final hydric/nonhydric label assigned.
37298,S2016TN155009,N,130B,,0,False,11,1,10,False,Indicator evidence only; no final hydric/nonhydric label assigned.
37299,S2016TN155012,N,130B,,0,False,11,1,10,False,Indicator evidence only; no final hydric/nonhydric label assigned.
37300,S2016TN155017,N,130B,,0,False,11,1,10,False,Indicator evidence only; no final hydric/nonhydric label assigned.
37301,S2016TN155019,N,130B,,0,False,11,1,10,False,Indicator evidence only; no final hydric/nonhydric label assigned.
37302,S2016TN155020,N,130B,,0,False,11,1,10,False,Indicator evidence only; no final hydric/nonhydric label assigned.
37303,S2016TN155022,N,130B,,0,False,11,1,10,False,Indicator evidence only; no final hydric/nonhydric label assigned.
37304,S2016TN155025,N,130B,,0,False,11,1,10,False,Indicator evidence only; no final hydric/nonhydric label assigned.
37305,S2016TN155026,N,130B,,0,False,11,1,10,False,Indicator evidence only; no final hydric/nonhydric label assigned.
37318,S2017AK068001,X1,228,,0,False,0,0,0,False,Indicator evidence only; no final hydric/nonhydric label assigned.
37319,S2017AK090001,X1,231,,0,False,0,0,0,False,Indicator evidence only; no final hydric/nonhydric label assigned.
37371,S2017FL097001,U,155,,0,False,12,1,11,False,Indicator evidence only; no final hydric/nonhydric label assigned.
37372,S2017FL097004,U,155,,0,False,12,1,11,False,Indicator evidence only; no final hydric/nonhydric label assigned.
37373,S2017FL097006,U,155,,0,False,12,1,11,False,Indicator evidence only; no final hydric/nonhydric label assigned.
37374,S2017FL097010,U,155,,0,False,12,1,11,False,Indicator evidence only; no final hydric/nonhydric label assigned.
37375,S2017FL097015,U,155,,0,False,12,1,11,False,Indicator evidence only; no final hydric/nonhydric label assigned.
37376,S2017FL105022,U,155,,0,False,12,1,11,False,Indicator evidence only; no final hydric/nonhydric label assigned.
37377,S2017FL097023,U,155,,0,False,12,1,11,False,Indicator evidence only; no final hydric/nonhydric label assigned.
37378,S2017FL097027,U,155,,0,False,12,1,11,False,Indicator evidence only; no final hydric/nonhydric label assigned.
37379,S2017FL105005,U,155,,0,False,12,1,11,False,Indicator evidence only; no final hydric/nonhydric label assigned.
37381,S2017FL097044,U,155,,0,False,12,1,11,False,Indicator evidence only; no final hydric/nonhydric label assigned.
37382,S2017FL105002,U,155,,0,False,12,1,11,False,Indicator evidence only; no final hydric/nonhydric label assigned.
37383,S2017FL105009,U,155,,0,False,12,1,11,False,Indicator evidence only; no final hydric/nonhydric label assigned.
37384,S2017FL105011,U,155,,0,False,12,1,11,False,Indicator evidence only; no final hydric/nonhydric label assigned.
37385,S2017FL105018,U,155,,0,False,12,1,11,False,Indicator evidence only; no final hydric/nonhydric label assigned.
37386,S2017FL105019,U,155,,0,False,12,1,11,False,Indicator evidence only; no final hydric/nonhydric label assigned.
37387,S2017FL105036,U,155,,0,False,12,1,11,False,Indicator evidence only; no final hydric/nonhydric label assigned.
37388,S2017TX497034,J,84B,,0,False,10,3,7,False,Indicator evidence only; no final hydric/nonhydric label assigned.
37389,S2017TX497039,J,84B,,0,False,10,6,4,False,Indicator evidence only; no final hydric/nonhydric label assigned.
37390,S2017TX497044,J,84B,,0,False,10,9,1,False,Indicator evidence only; no final hydric/nonhydric label assigned.
37391,S2017TX497048,J,84B,,0,False,10,6,4,False,Indicator evidence only; no final hydric/nonhydric label assigned.
37392,S2017TX497049,J,84B,,0,False,10,6,4,False,Indicator evidence only; no final hydric/nonhydric label assigned.
37393,S2017TX497050,J,84B,,0,False,10,9,1,False,Indicator evidence only; no final hydric/nonhydric label assigned.
37394,S2017TX497051,J,84B,,0,False,10,9,1,False,Indicator evidence only; no final hydric/nonhydric label assigned.
37395,S2017TX497052,J,84B,,0,False,10,9,1,False,Indicator evidence only; no final hydric/nonhydric label assigned.
37396,S2017TX497054,J,84B,,0,False,10,6,4,False,Indicator evidence only; no final hydric/nonhydric label assigned.
37397,S2017TX497058,J,84B,,0,False,10,6,4,False,Indicator evidence only; no final hydric/nonhydric label assigned.
37398,S2017TX497059,J,84B,,0,False,10,3,7,False,Indicator evidence only; no final hydric/nonhydric label assigned.
37473,S2017ND093001,F,53B,,0,False,11,3,8,False,Indicator evidence only; no final hydric/nonhydric label assigned.
37474,S2017ND093004,F,55B,,0,False,11,1,10,False,Indicator evidence only; no final hydric/nonhydric label assigned.
37475,S2017ND093007,F,53B,,0,False,11,6,5,False,Indicator evidence only; no final hydric/nonhydric label assigned.
37476,S2017ND093010,F,53B,,0,False,11,6,5,False,Indicator evidence only; no final hydric/nonhydric label assigned.
37477,S2017ND093011,F,53B,,0,False,11,6,5,False,Indicator evidence only; no final hydric/nonhydric label assigned.
37478,S2017ND093014,F,53B,,0,False,11,3,8,False,Indicator evidence only; no final hydric/nonhydric label assigned.
37479,S2017ND093016,F,53B,,0,False,11,6,5,False,Indicator evidence only; no final hydric/nonhydric label assigned.
37480,S2017ND093020,F,55B,,0,False,11,1,10,False,Indicator evidence only; no final hydric/nonhydric label assigned.
37481,S2017ND093022,F,53B,,0,False,11,1,10,False,Indicator evidence only; no final hydric/nonhydric label assigned.
37482,S2017ND093023,F,53B,,0,False,11,6,5,False,Indicator evidence only; no final hydric/nonhydric label assigned.
37483,S2017ND093027,F,53B,,0,False,11,3,8,False,Indicator evidence only; no final hydric/nonhydric label assigned.
37484,S2017ND093029,F,53B,,0,False,11,3,8,False,Indicator evidence only; no final hydric/nonhydric label assigned.
37485,S2017ND093030,F,55B,,0,False,11,1,10,False,Indicator evidence only; no final hydric/nonhydric label assigned.
37486,S2017ND093063,F,53B,,0,False,11,1,10,False,Indicator evidence only; no final hydric/nonhydric label assigned.
37515,S2017VA043001,S,147,,0,False,10,1,9,False,Indicator evidence only; no final hydric/nonhydric label assigned.
37516,S2017VA043002,S,147,,0,False,10,1,9,False,Indicator evidence only; no final hydric/nonhydric label assigned.
37517,S2017VA043005,S,147,,0,False,10,1,9,False,Indicator evidence only; no final hydric/nonhydric label assigned.
37518,S2017VA043006,S,147,,0,False,10,1,9,False,Indicator evidence only; no final hydric/nonhydric label assigned.
37519,S2017VA043008,S,147,,0,False,10,1,9,False,Indicator evidence only; no final hydric/nonhydric label assigned.
37520,S2017VA043010,S,147,,0,False,10,1,9,False,Indicator evidence only; no final hydric/nonhydric label assigned.
37521,S2017VA043011,S,147,,0,False,10,1,9,False,Indicator evidence only; no final hydric/nonhydric label assigned.
37522,S2017VA043012,S,147,,0,False,10,1,9,False,Indicator evidence only; no final hydric/nonhydric label assigned.
37523,S2017VA043015,S,147,,0,False,10,1,9,False,Indicator evidence only; no final hydric/nonhydric label assigned.
37524,S2017VA043016,S,147,,0,False,10,1,9,False,Indicator evidence only; no final hydric/nonhydric label assigned.
37525,S2017VA043017,S,147,,0,False,10,0,10,True,Indicator evidence only; no final hydric/nonhydric label assigned.
37526,S2017VA043019,S,147,,0,False,10,1,9,False,Indicator evidence only; no final hydric/nonhydric label assigned.
37527,S2017VA043020,S,147,,0,False,10,1,9,False,Indicator evidence only; no final hydric/nonhydric label assigned.
37528,S2017VA043031,S,147,,0,False,10,1,9,False,Indicator evidence only; no final hydric/nonhydric label assigned.
37529,S2017VA043032,S,147,,0,False,10,1,9,False,Indicator evidence only; no final hydric/nonhydric label assigned.
37530,S2017MA027005,R,144A,,0,False,10,1,9,False,Indicator evidence only; no final hydric/nonhydric label assigned.
37531,S2017MA027006,R,144A,,0,False,10,1,9,False,Indicator evidence only; no final hydric/nonhydric label assigned.
37532,S2017MA027017,R,144A,,0,False,10,1,9,False,Indicator evidence only; no final hydric/nonhydric label assigned.
37533,S2017MA027022,R,144A,,0,False,10,1,9,False,Indicator evidence only; no final hydric/nonhydric label assigned.
37534,S2017MA027030,R,144A,,0,False,10,1,9,False,Indicator evidence only; no final hydric/nonhydric label assigned.
37535,S2017MA027031,R,144A,,0,False,10,1,9,False,Indicator evidence only; no final hydric/nonhydric label assigned.
37536,S2017MA027058,R,144A,,0,False,10,1,9,False,Indicator evidence only; no final hydric/nonhydric label assigned.
37567,S2017CA039001,C,18,,0,False,10,3,7,False,Indicator evidence only; no final hydric/nonhydric label assigned.
37568,S2017CA039002,C,18,,0,False,10,3,7,False,Indicator evidence only; no final hydric/nonhydric label assigned.
37569,S2017CA039003,C,18,,0,False,10,3,7,False,Indicator evidence only; no final hydric/nonhydric label assigned.
37570,S2017CA039004,C,18,,0,False,10,3,7,False,Indicator evidence only; no final hydric/nonhydric label assigned.
37571,S2017CA039005,C,18,,0,False,10,1,9,False,Indicator evidence only; no final hydric/nonhydric label assigned.
37572,S2017CA039006,C,18,,0,False,10,3,7,False,Indicator evidence only; no final hydric/nonhydric label assigned.
37573,S2017CA039007,C,18,,0,False,10,1,9,False,Indicator evidence only; no final hydric/nonhydric label assigned.
37574,S2017CA039008,C,18,,0,False,10,1,9,False,Indicator evidence only; no final hydric/nonhydric label assigned.
37575,S2017CA039009,C,18,,0,False,10,1,9,False,Indicator evidence only; no final hydric/nonhydric label assigned.
37576,S2017CA039010,C,18,,0,False,10,3,7,False,Indicator evidence only; no final hydric/nonhydric label assigned.
37625,S2017MA027001,R,144A,,0,False,10,1,9,False,Indicator evidence only; no final hydric/nonhydric label assigned.
37626,S2017MA027008,R,144A,,0,False,10,1,9,False,Indicator evidence only; no final hydric/nonhydric label assigned.
37627,S2017MA027018,R,144A,,0,False,10,1,9,False,Indicator evidence only; no final hydric/nonhydric label assigned.
37628,S2017MA027021,R,144A,,0,False,10,1,9,False,Indicator evidence only; no final hydric/nonhydric label assigned.
37629,S2017MA027024,R,144A,,0,False,10,1,9,False,Indicator evidence only; no final hydric/nonhydric label assigned.
37630,S2017MA027027,R,144A,,0,False,10,1,9,False,Indicator evidence only; no final hydric/nonhydric label assigned.
37631,S2017MA027029,R,144A,,0,False,10,1,9,False,Indicator evidence only; no final hydric/nonhydric label assigned.
37632,S2017MA027059,R,144A,,0,False,10,1,9,False,Indicator evidence only; no final hydric/nonhydric label assigned.
37633,S2017MA027013,R,144A,,0,False,10,1,9,False,Indicator evidence only; no final hydric/nonhydric label assigned.
37634,S2017MA027011,R,144A,,0,False,10,1,9,False,Indicator evidence only; no final hydric/nonhydric label assigned.
37645,S2017WA011001,A,3,,0,False,10,4,6,False,Indicator evidence only; no final hydric/nonhydric label assigned.
37646,S2017WA011002,A,3,,0,False,10,1,9,False,Indicator evidence only; no final hydric/nonhydric label assigned.
37647,S2017WA011007,A,3,,0,False,10,4,6,False,Indicator evidence only; no final hydric/nonhydric label assigned.
37648,S2017WA011008,A,3,,0,False,10,4,6,False,Indicator evidence only; no final hydric/nonhydric label assigned.
37649,S2017WA011009,A,3,,0,False,10,1,9,False,Indicator evidence only; no final hydric/nonhydric label assigned.
37650,S2017WA011011,A,3,,0,False,10,1,9,False,Indicator evidence only; no final hydric/nonhydric label assigned.
37651,S2017WA011016,A,3,,0,False,10,10,0,False,Indicator evidence only; no final hydric/nonhydric label assigned.
37652,S2017WA011017,A,3,,0,False,10,1,9,False,Indicator evidence only; no final hydric/nonhydric label assigned.
37653,S2017WA011019,A,3,,0,False,10,3,7,False,Indicator evidence only; no final hydric/nonhydric label assigned.
37654,S2017WA011020,A,3,,0,False,10,1,9,False,Indicator evidence only; no final hydric/nonhydric label assigned.
37655,S2017WA011021,A,3,,0,False,10,4,6,False,Indicator evidence only; no final hydric/nonhydric label assigned.
37656,S2017WA011023,A,3,,0,False,10,1,9,False,Indicator evidence only; no final hydric/nonhydric label assigned.
37657,S2017WA011026,A,3,,0,False,10,1,9,False,Indicator evidence only; no final hydric/nonhydric label assigned.
37658,S2017WA011028,A,3,,0,False,10,1,9,False,Indicator evidence only; no final hydric/nonhydric label assigned.
37659,S2017WA011063,A,3,,0,False,10,4,6,False,Indicator evidence only; no final hydric/nonhydric label assigned.
37660,S2017WA011881,A,3,,0,False,10,4,6,False,Indicator evidence only; no final hydric/nonhydric label assigned.
37718,S2017WA059001,A,3,,0,False,10,1,9,False,Indicator evidence only; no final hydric/nonhydric label assigned.
37865,S2015GA007001,P,133A,,0,False,12,1,11,False,Indicator evidence only; no final hydric/nonhydric label assigned.
37866,S2015GA007003,P,133A,,0,False,12,1,11,False,Indicator evidence only; no final hydric/nonhydric label assigned.
37867,S2015GA007004,P,133A,,0,False,12,1,11,False,Indicator evidence only; no final hydric/nonhydric label assigned.
37868,S2015GA007005,P,133A,,0,False,12,1,11,False,Indicator evidence only; no final hydric/nonhydric label assigned.
37869,S2015GA007006,P,133A,,0,False,12,1,11,False,Indicator evidence only; no final hydric/nonhydric label assigned.
37870,S2015GA007008,P,133A,,0,False,12,1,11,False,Indicator evidence only; no final hydric/nonhydric label assigned.
37871,S2015GA007009,P,133A,,0,False,12,1,11,False,Indicator evidence only; no final hydric/nonhydric label assigned.
37872,S2015GA007010,P,133A,,0,False,12,1,11,False,Indicator evidence only; no final hydric/nonhydric label assigned.
37873,S2015GA007011,P,133A,,0,False,12,1,11,False,Indicator evidence only; no final hydric/nonhydric label assigned.
37874,S2015GA007012,P,133A,,0,False,12,1,11,False,Indicator evidence only; no final hydric/nonhydric label assigned.
37875,S2015GA007014,P,133A,,0,False,12,1,11,False,Indicator evidence only; no final hydric/nonhydric label assigned.
37876,S2015GA007015,P,133A,,0,False,12,1,11,False,Indicator evidence only; no final hydric/nonhydric label assigned.
37877,S2015GA007016,P,133A,,0,False,12,1,11,False,Indicator evidence only; no final hydric/nonhydric label assigned.
37878,S2015GA007017,P,133A,,0,False,12,1,11,False,Indicator evidence only; no final hydric/nonhydric label assigned.
37879,S2015GA007019,P,133A,,0,False,12,1,11,False,Indicator evidence only; no final hydric/nonhydric label assigned.
37880,S2015GA007021,P,133A,,0,False,12,1,11,False,Indicator evidence only; no final hydric/nonhydric label assigned.
37881,S2015GA007022,P,133A,,0,False,12,1,11,False,Indicator evidence only; no final hydric/nonhydric label assigned.
37882,S2015GA007024,P,133A,,0,False,12,1,11,False,Indicator evidence only; no final hydric/nonhydric label assigned.
37883,S2015GA007025,P,133A,,0,False,12,1,11,False,Indicator evidence only; no final hydric/nonhydric label assigned.
37884,S2015GA007026,P,133A,,0,False,12,1,11,False,Indicator evidence only; no final hydric/nonhydric label assigned.
37885,S2015GA007027,P,133A,,0,False,12,1,11,False,Indicator evidence only; no final hydric/nonhydric label assigned.
37886,S2015GA007028,P,133A,,0,False,12,1,11,False,Indicator evidence only; no final hydric/nonhydric label assigned.
37887,S2015GA007029,P,133A,,0,False,12,1,11,False,Indicator evidence only; no final hydric/nonhydric label assigned.
37888,S2017CO013008,E,48A,,0,False,10,4,6,False,Indicator evidence only; no final hydric/nonhydric label assigned.
37889,S2017CO013009,E,48A,,0,False,10,1,9,False,Indicator evidence only; no final hydric/nonhydric label assigned.
37890,S2017CO013010,E,48A,,0,False,10,1,9,False,Indicator evidence only; no final hydric/nonhydric label assigned.
37891,S2017CO013011,E,48A,,0,False,10,1,9,False,Indicator evidence only; no final hydric/nonhydric label assigned.
37892,S2017CO013012,E,48A,,0,False,10,1,9,False,Indicator evidence only; no final hydric/nonhydric label assigned.
37893,S2017CO013013,E,48A,,0,False,10,4,6,False,Indicator evidence only; no final hydric/nonhydric label assigned.
37894,S2017CO013014,E,48A,,0,False,10,1,9,False,Indicator evidence only; no final hydric/nonhydric label assigned.
37895,S2017CO013015,E,48A,,0,False,10,1,9,False,Indicator evidence only; no final hydric/nonhydric label assigned.
37896,S2017CO013016,E,48A,,0,False,10,1,9,False,Indicator evidence only; no final hydric/nonhydric label assigned.
37897,S2017CO013017,E,48A,,0,False,10,1,9,False,Indicator evidence only; no final hydric/nonhydric label assigned.
37898,S2017CO013018,E,48A,,0,False,10,1,9,False,Indicator evidence only; no final hydric/nonhydric label assigned.
37899,S2017CO013019,E,48A,,0,False,10,1,9,False,Indicator evidence only; no final hydric/nonhydric label assigned.
37900,S2017CO013020,E,48A,,0,False,10,4,6,False,Indicator evidence only; no final hydric/nonhydric label assigned.
37901,S2017CO013021,E,48A,,0,False,10,1,9,False,Indicator evidence only; no final hydric/nonhydric label assigned.
37907,S2016AL007002,P,133C,,0,False,12,1,11,False,Indicator evidence only; no final hydric/nonhydric label assigned.
37908,S2016AL007004,P,133C,,0,False,12,1,11,False,Indicator evidence only; no final hydric/nonhydric label assigned.
37909,S2016AL007005,P,133C,,0,False,12,1,11,False,Indicator evidence only; no final hydric/nonhydric label assigned.
37910,S2016AL007006,P,133C,,0,False,12,1,11,False,Indicator evidence only; no final hydric/nonhydric label assigned.
37911,S2016AL007007,P,133C,,0,False,12,1,11,False,Indicator evidence only; no final hydric/nonhydric label assigned.
37912,S2016AL007009,P,133C,,0,False,12,1,11,False,Indicator evidence only; no final hydric/nonhydric label assigned.
37913,S2016AL007010,P,133C,,0,False,12,1,11,False,Indicator evidence only; no final hydric/nonhydric label assigned.
37914,S2016AL007011,P,133C,,0,False,12,1,11,False,Indicator evidence only; no final hydric/nonhydric label assigned.
37915,S2016AL007012,P,133C,,0,False,12,1,11,False,Indicator evidence only; no final hydric/nonhydric label assigned.
37916,S2016AL007013,P,133C,,0,False,12,1,11,False,Indicator evidence only; no final hydric/nonhydric label assigned.
37917,S2016AL007015,P,133C,,0,False,12,1,11,False,Indicator evidence only; no final hydric/nonhydric label assigned.
37918,S2016AL007016,P,133C,,0,False,12,1,11,False,Indicator evidence only; no final hydric/nonhydric label assigned.
37919,S2016AL007017,P,133C,,0,False,12,1,11,False,Indicator evidence only; no final hydric/nonhydric label assigned.
37920,S2016AL007018,P,133C,,0,False,12,1,11,False,Indicator evidence only; no final hydric/nonhydric label assigned.
37921,S2016AL007020,P,133C,,0,False,12,1,11,False,Indicator evidence only; no final hydric/nonhydric label assigned.
37922,S2016AL007021,P,133C,,0,False,12,1,11,False,Indicator evidence only; no final hydric/nonhydric label assigned.
37923,S2016AL007023,P,133C,,0,False,12,1,11,False,Indicator evidence only; no final hydric/nonhydric label assigned.
37924,S2016AL007024,P,133C,,0,False,12,1,11,False,Indicator evidence only; no final hydric/nonhydric label assigned.
37925,S2016AL007025,P,133C,,0,False,12,1,11,False,Indicator evidence only; no final hydric/nonhydric label assigned.
37926,S2016AL007026,P,133C,,0,False,12,1,11,False,Indicator evidence only; no final hydric/nonhydric label assigned.
37927,S2016AL007027,P,133C,,0,False,12,1,11,False,Indicator evidence only; no final hydric/nonhydric label assigned.
37928,S2016AL007029,P,133C,,0,False,12,1,11,False,Indicator evidence only; no final hydric/nonhydric label assigned.
37929,S2016AL007030,P,133C,,0,False,12,1,11,False,Indicator evidence only; no final hydric/nonhydric label assigned.
37930,S2016AL007031,P,133C,,0,False,12,1,11,False,Indicator evidence only; no final hydric/nonhydric label assigned.
37931,S2016AL007032,P,133C,,0,False,12,1,11,False,Indicator evidence only; no final hydric/nonhydric label assigned.
37932,S2016AL007044,P,133C,,0,False,12,1,11,False,Indicator evidence only; no final hydric/nonhydric label assigned.
37933,S2016FL107002,U,155,,0,False,12,1,11,False,Indicator evidence only; no final hydric/nonhydric label assigned.
37934,S2016FL107003,U,154,,0,False,12,1,11,False,Indicator evidence only; no final hydric/nonhydric label assigned.
37935,S2016FL107005,U,154,A7,1,True,12,1,10,False,Indicator evidence only; no final hydric/nonhydric label assigned.
37936,S2016FL107007,U,154,,0,False,12,1,11,False,Indicator evidence only; no final hydric/nonhydric label assigned.
37937,S2016FL107008,U,154,,0,False,12,1,11,False,Indicator evidence only; no final hydric/nonhydric label assigned.
37938,S2016FL107010,U,154,,0,False,12,1,11,False,Indicator evidence only; no final hydric/nonhydric label assigned.
37939,S2016FL107011,U,154,,0,False,12,1,11,False,Indicator evidence only; no final hydric/nonhydric label assigned.
37940,S2016FL107013,U,154,,0,False,12,1,11,False,Indicator evidence only; no final hydric/nonhydric label assigned.
37941,S2016FL107014,U,154,,0,False,12,1,11,False,Indicator evidence only; no final hydric/nonhydric label assigned.
37942,S2016FL107015,U,154,,0,False,12,2,10,False,Indicator evidence only; no final hydric/nonhydric label assigned.
37943,S2016FL107016,U,154,,0,False,12,1,11,False,Indicator evidence only; no final hydric/nonhydric label assigned.
37944,S2016FL107017,U,154,,0,False,12,2,10,False,Indicator evidence only; no final hydric/nonhydric label assigned.
37945,S2016FL107018,U,154,,0,False,12,1,11,False,Indicator evidence only; no final hydric/nonhydric label assigned.
37946,S2016FL107020,U,154,,0,False,12,1,11,False,Indicator evidence only; no final hydric/nonhydric label assigned.
37947,S2016FL107021,U,154,,0,False,12,2,10,False,Indicator evidence only; no final hydric/nonhydric label assigned.
37948,S2016FL107022,U,154,,0,False,12,2,10,False,Indicator evidence only; no final hydric/nonhydric label assigned.
37949,S2016FL107023,U,154,A7,1,True,12,1,10,False,Indicator evidence only; no final hydric/nonhydric label assigned.
37950,S2016FL107024,U,154,,0,False,12,2,10,False,Indicator evidence only; no final hydric/nonhydric label assigned.
37951,S2016FL107026,U,154,,0,False,12,1,11,False,Indicator evidence only; no final hydric/nonhydric label assigned.
37952,S2016FL107031,U,154,,0,False,12,1,11,False,Indicator evidence only; no final hydric/nonhydric label assigned.
37953,S2016FL107048,U,154,,0,False,12,1,11,False,Indicator evidence only; no final hydric/nonhydric label assigned.
37954,S2016FL107050,U,154,,0,False,12,1,11,False,Indicator evidence only; no final hydric/nonhydric label assigned.
37955,S2016FL107051,U,154,,0,False,12,1,11,False,Indicator evidence only; no final hydric/nonhydric label assigned.
38229,S2017PR079001,Z,273,,0,False,12,6,6,False,Indicator evidence only; no final hydric/nonhydric label assigned.
38230,S2017PR079002,Z,273,,0,False,12,6,6,False,Indicator evidence only; no final hydric/nonhydric label assigned.
38231,S2017PR079004,Z,273,,0,False,12,6,6,False,Indicator evidence only; no final hydric/nonhydric label assigned.
38232,S2017PR079005,Z,273,,0,False,12,3,9,False,Indicator evidence only; no final hydric/nonhydric label assigned.
38233,S2017PR079009,Z,273,,0,False,12,6,6,False,Indicator evidence only; no final hydric/nonhydric label assigned.
38234,S2017PR079010,Z,273,,0,False,12,6,6,False,Indicator evidence only; no final hydric/nonhydric label assigned.
38235,S2017PR079011,Z,273,,0,False,12,6,6,False,Indicator evidence only; no final hydric/nonhydric label assigned.
38236,S2017PR079012,Z,273,,0,False,12,6,6,False,Indicator evidence only; no final hydric/nonhydric label assigned.
38237,S2017PR079014,Z,273,,0,False,12,6,6,False,Indicator evidence only; no final hydric/nonhydric label assigned.
38238,S2017PR079015,Z,273,,0,False,12,1,11,False,Indicator evidence only; no final hydric/nonhydric label assigned.
38239,S2017PR079016,Z,273,,0,False,12,6,6,False,Indicator evidence only; no final hydric/nonhydric label assigned.
38240,S2017PR079017,Z,273,,0,False,12,6,6,False,Indicator evidence only; no final hydric/nonhydric label assigned.
38241,S2017PR079020,Z,273,,0,False,12,6,6,False,Indicator evidence only; no final hydric/nonhydric label assigned.
38242,S2017PR079022,Z,273,,0,False,12,9,3,False,Indicator evidence only; no final hydric/nonhydric label assigned.
38243,S2017PR079025,Z,273,,0,False,12,6,6,False,Indicator evidence only; no final hydric/nonhydric label assigned.
38244,S2017PR079027,Z,273,,0,False,12,6,6,False,Indicator evidence only; no final hydric/nonhydric label assigned.
38245,S2017PR079028,Z,273,,0,False,12,6,6,False,Indicator evidence only; no final hydric/nonhydric label assigned.
38246,S2017PR079029,Z,273,,0,False,12,3,9,False,Indicator evidence only; no final hydric/nonhydric label assigned.
38247,S2017PR079030,Z,273,,0,False,12,3,9,False,Indicator evidence only; no final hydric/nonhydric label assigned.
38254,S2017AK240004,X1,228,,0,False,0,0,0,False,Indicator evidence only; no final hydric/nonhydric label assigned.
38255,S2017AK240005,X1,228,,0,False,0,0,0,False,Indicator evidence only; no final hydric/nonhydric label assigned.
38256,S2017AK240007,X1,228,,0,False,0,0,0,False,Indicator evidence only; no final hydric/nonhydric label assigned.
38257,S2017AK240008,X1,228,,0,False,0,0,0,False,Indicator evidence only; no final hydric/nonhydric label assigned.
38258,S2017AK240010,X1,228,,0,False,0,0,0,False,Indicator evidence only; no final hydric/nonhydric label assigned.
38259,S2017AK240011,X1,228,,0,False,0,0,0,False,Indicator evidence only; no final hydric/nonhydric label assigned.
38260,S2017AK240012,X1,228,,0,False,0,0,0,False,Indicator evidence only; no final hydric/nonhydric label assigned.
38261,S2017AK240013,X1,228,,0,False,0,0,0,False,Indicator evidence only; no final hydric/nonhydric label assigned.
38262,S2017AK240014,X1,228,,0,False,0,0,0,False,Indicator evidence only; no final hydric/nonhydric label assigned.
38263,S2017AK240017,X1,228,,0,False,0,0,0,False,Indicator evidence only; no final hydric/nonhydric label assigned.
38264,S2017AK240018,X1,228,,0,False,0,0,0,False,Indicator evidence only; no final hydric/nonhydric label assigned.
38265,S2017AK240022,X1,228,,0,False,0,0,0,False,Indicator evidence only; no final hydric/nonhydric label assigned.
38266,S2017AK240023,X1,228,,0,False,0,0,0,False,Indicator evidence only; no final hydric/nonhydric label assigned.
38267,S2017AK240024,X1,228,,0,False,0,0,0,False,Indicator evidence only; no final hydric/nonhydric label assigned.
38268,S2017AK240025,X1,228,,0,False,0,0,0,False,Indicator evidence only; no final hydric/nonhydric label assigned.
38269,S2017AK240027,X1,228,,0,False,0,0,0,False,Indicator evidence only; no final hydric/nonhydric label assigned.
38270,S2017AK240045,X1,228,,0,False,0,0,0,False,Indicator evidence only; no final hydric/nonhydric label assigned.
38271,S2017AK240016,X1,228,,0,False,0,0,0,False,Indicator evidence only; no final hydric/nonhydric label assigned.
38272,S2017AK068002,X1,228,,0,False,0,0,0,False,Indicator evidence only; no final hydric/nonhydric label assigned.
38273,S2017AK068006,X1,228,,0,False,0,0,0,False,Indicator evidence only; no final hydric/nonhydric label assigned.
38274,S2017AK068007,X1,228,,0,False,0,0,0,False,Indicator evidence only; no final hydric/nonhydric label assigned.
38275,S2017AK068012,X1,228,,0,False,0,0,0,False,Indicator evidence only; no final hydric/nonhydric label assigned.
38276,S2017AK068016,X1,228,,0,False,0,0,0,False,Indicator evidence only; no final hydric/nonhydric label assigned.
38277,S2017AK068017,X1,228,,0,False,0,0,0,False,Indicator evidence only; no final hydric/nonhydric label assigned.
38278,S2017AK068018,X1,228,,0,False,0,0,0,False,Indicator evidence only; no final hydric/nonhydric label assigned.
38279,S2017AK068020,X1,228,,0,False,0,0,0,False,Indicator evidence only; no final hydric/nonhydric label assigned.
38280,S2017AK068022,X1,228,,0,False,0,0,0,False,Indicator evidence only; no final hydric/nonhydric label assigned.
38281,S2017AK068026,X1,228,,0,False,0,0,0,False,Indicator evidence only; no final hydric/nonhydric label assigned.
38283,S2017AK068027,X1,228,,0,False,0,0,0,False,Indicator evidence only; no final hydric/nonhydric label assigned.
38284,S2017AK068029,X1,228,,0,False,0,0,0,False,Indicator evidence only; no final hydric/nonhydric label assigned.
38285,S2017AK068045,X1,228,,0,False,0,0,0,False,Indicator evidence only; no final hydric/nonhydric label assigned.
38286,S2017AK068046,X1,228,,0,False,0,0,0,False,Indicator evidence only; no final hydric/nonhydric label assigned.
38287,S2017AK068047,X1,228,,0,False,0,0,0,False,Indicator evidence only; no final hydric/nonhydric label assigned.
38659,S2017AZ019004,D,41,,0,False,11,3,8,False,Indicator evidence only; no final hydric/nonhydric label assigned.
38660,S2017AZ019007,D,40,,0,False,11,3,8,False,Indicator evidence only; no final hydric/nonhydric label assigned.
38661,S2017AZ019013,D,41,,0,False,11,3,8,False,Indicator evidence only; no final hydric/nonhydric label assigned.
38662,S2017AZ019014,D,40,,0,False,11,3,8,False,Indicator evidence only; no final hydric/nonhydric label assigned.
38663,S2017AZ019018,D,40,,0,False,11,3,8,False,Indicator evidence only; no final hydric/nonhydric label assigned.
38664,S2017AZ019023,D,41,,0,False,11,3,8,False,Indicator evidence only; no final hydric/nonhydric label assigned.
38665,S2017AZ019024,D,41,,0,False,11,3,8,False,Indicator evidence only; no final hydric/nonhydric label assigned.
38666,S2017AZ019026,D,41,,0,False,11,3,8,False,Indicator evidence only; no final hydric/nonhydric label assigned.
38667,S2018AZ019003,D,40,,0,False,11,3,8,False,Indicator evidence only; no final hydric/nonhydric label assigned.
38668,S2018AZ019008,D,41,,0,False,11,3,8,False,Indicator evidence only; no final hydric/nonhydric label assigned.
38669,S2018AZ019016,D,40,,0,False,11,3,8,False,Indicator evidence only; no final hydric/nonhydric label assigned.
38670,S2017AZ019043,D,40,,0,False,11,3,8,False,Indicator evidence only; no final hydric/nonhydric label assigned.
38671,S2018KS161022,H,76,,0,False,11,6,5,False,Indicator evidence only; no final hydric/nonhydric label assigned.
38672,S2018KS161017,H,76,,0,False,11,6,5,False,Indicator evidence only; no final hydric/nonhydric label assigned.
38673,S2018KS161008,H,76,,0,False,11,3,8,False,Indicator evidence only; no final hydric/nonhydric label assigned.
38674,S2018KS161003,H,76,,0,False,11,6,5,False,Indicator evidence only; no final hydric/nonhydric label assigned.
38675,S2018KS161020,H,76,,0,False,11,1,10,False,Indicator evidence only; no final hydric/nonhydric label assigned.
38676,S2018KS161013,H,76,,0,False,11,1,10,False,Indicator evidence only; no final hydric/nonhydric label assigned.
38677,S2018KS161004,H,76,,0,False,11,1,10,False,Indicator evidence only; no final hydric/nonhydric label assigned.
38678,S2018KS161027,H,76,,0,False,11,1,10,False,Indicator evidence only; no final hydric/nonhydric label assigned.
38679,S2018KS161016,H,76,,0,False,11,1,10,False,Indicator evidence only; no final hydric/nonhydric label assigned.
38680,S2018KS161057,H,76,,0,False,11,6,5,False,Indicator evidence only; no final hydric/nonhydric label assigned.
38681,S2018KS161048,H,76,,0,False,11,1,10,False,Indicator evidence only; no final hydric/nonhydric label assigned.
38682,S2018KS161019,H,76,,0,False,11,6,5,False,Indicator evidence only; no final hydric/nonhydric label assigned.
38683,S2018KS161035,H,76,,0,False,11,6,5,False,Indicator evidence only; no final hydric/nonhydric label assigned.
38684,S2018KS161011,H,76,,0,False,11,1,10,False,Indicator evidence only; no final hydric/nonhydric label assigned.
38685,S2018KS161005,H,76,,0,False,11,1,10,False,Indicator evidence only; no final hydric/nonhydric label assigned.
38958,S2018HI001100,V,162,,0,False,10,0,10,True,Indicator evidence only; no final hydric/nonhydric label assigned.
39013,S2018WY029100,E,43B,,0,False,10,0,10,True,Indicator evidence only; no final hydric/nonhydric label assigned.
39020,S2018AK185001,Y,246,,0,False,3,1,2,False,Indicator evidence only; no final hydric/nonhydric label assigned.
39021,S2018AK185004,Y,246,,0,False,3,1,2,False,Indicator evidence only; no final hydric/nonhydric label assigned.
39022,S2018AK185005,Y,246,,0,False,3,1,2,False,Indicator evidence only; no final hydric/nonhydric label assigned.
39023,S2018AK185008,Y,246,,0,False,3,1,2,False,Indicator evidence only; no final hydric/nonhydric label assigned.
39024,S2018AK185011,Y,246,,0,False,3,1,2,False,Indicator evidence only; no final hydric/nonhydric label assigned.
39025,S2018AK185012,Y,246,,0,False,3,1,2,False,Indicator evidence only; no final hydric/nonhydric label assigned.
39026,S2018AK185014,Y,246,,0,False,3,1,2,False,Indicator evidence only; no final hydric/nonhydric label assigned.
39027,S2018AK185015,Y,246,,0,False,3,1,2,False,Indicator evidence only; no final hydric/nonhydric label assigned.
39028,S2018AK185018,Y,246,,0,False,3,1,2,False,Indicator evidence only; no final hydric/nonhydric label assigned.
39029,S2018AK185019,Y,246,,0,False,3,1,2,False,Indicator evidence only; no final hydric/nonhydric label assigned.
39030,S2018AK185021,Y,246,,0,False,3,1,2,False,Indicator evidence only; no final hydric/nonhydric label assigned.
39031,S2018AK185022,Y,246,,0,False,3,1,2,False,Indicator evidence only; no final hydric/nonhydric label assigned.
39032,S2018AK185024,Y,246,,0,False,3,1,2,False,Indicator evidence only; no final hydric/nonhydric label assigned.
39033,S2018AK185026,Y,246,,0,False,3,1,2,False,Indicator evidence only; no final hydric/nonhydric label assigned.
39034,S2018AK185027,Y,246,,0,False,3,1,2,False,Indicator evidence only; no final hydric/nonhydric label assigned.
39035,S2018AK185028,Y,246,,0,False,3,1,2,False,Indicator evidence only; no final hydric/nonhydric label assigned.
39036,S2018AK185031,Y,246,,0,False,3,1,2,False,Indicator evidence only; no final hydric/nonhydric label assigned.
39037,S2018AK185037,Y,246,,0,False,3,1,2,False,Indicator evidence only; no final hydric/nonhydric label assigned.
39038,S2018AK185084,Y,246,,0,False,3,1,2,False,Indicator evidence only; no final hydric/nonhydric label assigned.
39039,S2018AK185085,Y,246,,0,False,3,1,2,False,Indicator evidence only; no final hydric/nonhydric label assigned.
39067,S2018HI001004,V,162,,0,False,10,1,9,False,Indicator evidence only; no final hydric/nonhydric label assigned.
39068,S2018HI001006,V,162,,0,False,10,1,9,False,Indicator evidence only; no final hydric/nonhydric label assigned.
39069,S2018HI001007,V,162,,0,False,10,1,9,False,Indicator evidence only; no final hydric/nonhydric label assigned.
39070,S2018HI001010,V,162,,0,False,10,1,9,False,Indicator evidence only; no final hydric/nonhydric label assigned.
39071,S2018HI001014,V,162,,0,False,10,1,9,False,Indicator evidence only; no final hydric/nonhydric label assigned.
39072,S2018HI001015,V,162,,0,False,10,1,9,False,Indicator evidence only; no final hydric/nonhydric label assigned.
39073,S2018HI001031,V,162,,0,False,10,1,9,False,Indicator evidence only; no final hydric/nonhydric label assigned.
39074,S2018HI001032,V,162,,0,False,10,1,9,False,Indicator evidence only; no final hydric/nonhydric label assigned.
39075,S2018HI001034,V,162,,0,False,10,1,9,False,Indicator evidence only; no final hydric/nonhydric label assigned.
39076,S2018HI001036,V,162,,0,False,10,1,9,False,Indicator evidence only; no final hydric/nonhydric label assigned.
39080,S2018KS161002,H,76,,0,False,11,1,10,False,Indicator evidence only; no final hydric/nonhydric label assigned.
39081,S2018KS161006,H,76,,0,False,11,6,5,False,Indicator evidence only; no final hydric/nonhydric label assigned.
39082,S2018KS161023,H,76,,0,False,11,1,10,False,Indicator evidence only; no final hydric/nonhydric label assigned.
39083,S2018KS161030,H,76,,0,False,11,1,10,False,Indicator evidence only; no final hydric/nonhydric label assigned.
39234,S2018VA071061,N,128,,0,False,11,1,10,False,Indicator evidence only; no final hydric/nonhydric label assigned.
39235,S2018VA071064,N,128,,0,False,11,1,10,False,Indicator evidence only; no final hydric/nonhydric label assigned.
39236,S2018VA071013,N,128,,0,False,11,1,10,False,Indicator evidence only; no final hydric/nonhydric label assigned.
39237,S2018VA071006,N,128,,0,False,11,1,10,False,Indicator evidence only; no final hydric/nonhydric label assigned.
39238,S2018VA071019,N,128,,0,False,11,1,10,False,Indicator evidence only; no final hydric/nonhydric label assigned.
39239,S2018VA071004,N,128,,0,False,11,1,10,False,Indicator evidence only; no final hydric/nonhydric label assigned.
39240,S2018VA071030,N,128,,0,False,11,1,10,False,Indicator evidence only; no final hydric/nonhydric label assigned.
39241,S2018VA071009,N,128,,0,False,11,1,10,False,Indicator evidence only; no final hydric/nonhydric label assigned.
39242,S2018VA071001,N,128,,0,False,11,1,10,False,Indicator evidence only; no final hydric/nonhydric label assigned.
39243,S2018VA071014,N,128,,0,False,11,1,10,False,Indicator evidence only; no final hydric/nonhydric label assigned.
39248,S2018CA019002,D,22A,,0,False,11,3,8,False,Indicator evidence only; no final hydric/nonhydric label assigned.
39249,S2018CA019004,D,22A,,0,False,11,5,6,False,Indicator evidence only; no final hydric/nonhydric label assigned.
39250,S2018CA019005,D,22A,,0,False,11,5,6,False,Indicator evidence only; no final hydric/nonhydric label assigned.
39251,S2018CA019008,D,22A,,0,False,11,5,6,False,Indicator evidence only; no final hydric/nonhydric label assigned.
39252,S2018CA019010,D,22A,,0,False,11,1,10,False,Indicator evidence only; no final hydric/nonhydric label assigned.
39253,S2018CA019012,D,22A,,0,False,11,3,8,False,Indicator evidence only; no final hydric/nonhydric label assigned.
39254,S2018CA019015,D,22A,,0,False,11,1,10,False,Indicator evidence only; no final hydric/nonhydric label assigned.
39255,S2018CA019016,D,22A,,0,False,11,3,8,False,Indicator evidence only; no final hydric/nonhydric label assigned.
39256,S2018CA019019,D,22A,,0,False,11,5,6,False,Indicator evidence only; no final hydric/nonhydric label assigned.
39257,S2018CA019025,D,22A,,0,False,11,3,8,False,Indicator evidence only; no final hydric/nonhydric label assigned.
39258,S2018CA019026,D,22A,,0,False,11,3,8,False,Indicator evidence only; no final hydric/nonhydric label assigned.
39259,S2018CA019028,D,22A,,0,False,11,1,10,False,Indicator evidence only; no final hydric/nonhydric label assigned.
39260,S2018AL023002,P,133C,,0,False,12,1,11,False,Indicator evidence only; no final hydric/nonhydric label assigned.
39261,S2018AL023003,P,133C,,0,False,12,1,11,False,Indicator evidence only; no final hydric/nonhydric label assigned.
39262,S2018AL023006,P,133C,,0,False,12,1,11,False,Indicator evidence only; no final hydric/nonhydric label assigned.
39263,S2018AL023007,P,133C,,0,False,12,1,11,False,Indicator evidence only; no final hydric/nonhydric label assigned.
39264,S2018AL023009,P,133C,,0,False,12,1,11,False,Indicator evidence only; no final hydric/nonhydric label assigned.
39265,S2018AL023011,P,133C,,0,False,12,1,11,False,Indicator evidence only; no final hydric/nonhydric label assigned.
39266,S2018AL023012,P,133C,,0,False,12,1,11,False,Indicator evidence only; no final hydric/nonhydric label assigned.
39267,S2018AL023014,P,133C,,0,False,12,1,11,False,Indicator evidence only; no final hydric/nonhydric label assigned.
39268,S2018AL023015,P,133C,,0,False,12,1,11,False,Indicator evidence only; no final hydric/nonhydric label assigned.
39269,S2018AL023016,P,133C,,0,False,12,1,11,False,Indicator evidence only; no final hydric/nonhydric label assigned.
39270,S2018AL023017,P,133C,,0,False,12,1,11,False,Indicator evidence only; no final hydric/nonhydric label assigned.
39271,S2018AL023019,P,133C,,0,False,12,1,11,False,Indicator evidence only; no final hydric/nonhydric label assigned.
39272,S2018AL023020,P,133C,,0,False,12,1,11,False,Indicator evidence only; no final hydric/nonhydric label assigned.
39273,S2018AL023021,P,133C,,0,False,12,1,11,False,Indicator evidence only; no final hydric/nonhydric label assigned.
39274,S2018AL023022,P,133C,,0,False,12,1,11,False,Indicator evidence only; no final hydric/nonhydric label assigned.
39275,S2018AL023023,P,133C,,0,False,12,1,11,False,Indicator evidence only; no final hydric/nonhydric label assigned.
39276,S2018AL023027,P,133C,,0,False,12,1,11,False,Indicator evidence only; no final hydric/nonhydric label assigned.
39277,S2018AL023029,P,133C,,0,False,12,1,11,False,Indicator evidence only; no final hydric/nonhydric label assigned.
39278,S2018PR153001,Z,271,,0,False,12,3,9,False,Indicator evidence only; no final hydric/nonhydric label assigned.
39279,S2018PR059002,Z,271,,0,False,12,3,9,False,Indicator evidence only; no final hydric/nonhydric label assigned.
39280,S2018PR153003,Z,271,A7,1,True,12,8,3,False,Indicator evidence only; no final hydric/nonhydric label assigned.
39281,S2018PR153004,Z,271,,0,False,12,3,9,False,Indicator evidence only; no final hydric/nonhydric label assigned.
39282,S2018PR055006,Z,271,A7,1,True,12,5,6,False,Indicator evidence only; no final hydric/nonhydric label assigned.
39283,S2018PR059008,Z,271,,0,False,12,3,9,False,Indicator evidence only; no final hydric/nonhydric label assigned.
39284,S2018PR055009,Z,271,,0,False,12,1,11,False,Indicator evidence only; no final hydric/nonhydric label assigned.
39285,S2018PR055010,Z,271,,0,False,12,3,9,False,Indicator evidence only; no final hydric/nonhydric label assigned.
39286,S2018PR055012,Z,271,A7,1,True,12,5,6,False,Indicator evidence only; no final hydric/nonhydric label assigned.
39287,S2018PR059013,Z,271,,0,False,12,0,12,True,Indicator evidence only; no final hydric/nonhydric label assigned.
39288,S2018PR153014,Z,271,A7,1,True,12,5,6,False,Indicator evidence only; no final hydric/nonhydric label assigned.
39289,S2018PR153015,Z,271,A7,1,True,12,5,6,False,Indicator evidence only; no final hydric/nonhydric label assigned.
39290,S2018PR055016,Z,271,,0,False,12,3,9,False,Indicator evidence only; no final hydric/nonhydric label assigned.
39291,S2018PR059017,Z,271,A7,1,True,12,5,6,False,Indicator evidence only; no final hydric/nonhydric label assigned.
39292,S2018PR055020,Z,271,,0,False,12,3,9,False,Indicator evidence only; no final hydric/nonhydric label assigned.
39293,S2018PR059022,Z,271,,0,False,12,3,9,False,Indicator evidence only; no final hydric/nonhydric label assigned.
39294,S2018PR055023,Z,271,,0,False,12,3,9,False,Indicator evidence only; no final hydric/nonhydric label assigned.
39295,S2018PR055024,Z,271,,0,False,12,3,9,False,Indicator evidence only; no final hydric/nonhydric label assigned.
39304,S2018WA059002,A,3,,0,False,10,1,9,False,Indicator evidence only; no final hydric/nonhydric label assigned.
39305,S2018WA059011,A,3,,0,False,10,1,9,False,Indicator evidence only; no final hydric/nonhydric label assigned.
39306,S2018WA059012,A,3,,0,False,10,1,9,False,Indicator evidence only; no final hydric/nonhydric label assigned.
39307,S2018WA059013,A,3,,0,False,10,1,9,False,Indicator evidence only; no final hydric/nonhydric label assigned.
39308,S2018WA059016,A,3,,0,False,10,1,9,False,Indicator evidence only; no final hydric/nonhydric label assigned.
39309,S2018WA059019,A,3,,0,False,10,1,9,False,Indicator evidence only; no final hydric/nonhydric label assigned.
39310,S2018WA059024,A,3,,0,False,10,1,9,False,Indicator evidence only; no final hydric/nonhydric label assigned.
39311,S2018WA059026,A,3,,0,False,10,1,9,False,Indicator evidence only; no final hydric/nonhydric label assigned.
39312,S2018WA059027,A,3,,0,False,10,1,9,False,Indicator evidence only; no final hydric/nonhydric label assigned.
39313,S2018WA059070,A,3,,0,False,10,1,9,False,Indicator evidence only; no final hydric/nonhydric label assigned.
39374,S2018CO013001,E,48A,,0,False,10,1,9,False,Indicator evidence only; no final hydric/nonhydric label assigned.
39375,S2018CO013003,E,48A,,0,False,10,1,9,False,Indicator evidence only; no final hydric/nonhydric label assigned.
39376,S2018CO013005,E,48A,,0,False,10,1,9,False,Indicator evidence only; no final hydric/nonhydric label assigned.
39378,S2018CO013007,E,48A,,0,False,10,1,9,False,Indicator evidence only; no final hydric/nonhydric label assigned.
39379,S2018CO013008,E,48A,,0,False,10,1,9,False,Indicator evidence only; no final hydric/nonhydric label assigned.
39380,S2018CO013011,E,48A,,0,False,10,1,9,False,Indicator evidence only; no final hydric/nonhydric label assigned.
39381,S2018CO013014,E,48A,,0,False,10,1,9,False,Indicator evidence only; no final hydric/nonhydric label assigned.
39382,S2018CO013015,E,48A,,0,False,10,1,9,False,Indicator evidence only; no final hydric/nonhydric label assigned.
39383,S2018CO013016,E,48A,,0,False,10,1,9,False,Indicator evidence only; no final hydric/nonhydric label assigned.
39384,S2018CO013018,E,48A,,0,False,10,1,9,False,Indicator evidence only; no final hydric/nonhydric label assigned.
39385,S2018CO013022,E,48A,,0,False,10,1,9,False,Indicator evidence only; no final hydric/nonhydric label assigned.
39386,S2018CO013026,E,48A,,0,False,10,1,9,False,Indicator evidence only; no final hydric/nonhydric label assigned.
39387,S2018CO013029,E,48A,,0,False,10,1,9,False,Indicator evidence only; no final hydric/nonhydric label assigned.
39388,S2018WY029001,E,43B,,0,False,10,1,9,False,Indicator evidence only; no final hydric/nonhydric label assigned.
39389,S2018WY029004,E,43B,,0,False,10,1,9,False,Indicator evidence only; no final hydric/nonhydric label assigned.
39390,S2018WY029005,E,43B,,0,False,10,1,9,False,Indicator evidence only; no final hydric/nonhydric label assigned.
39391,S2018WY029007,E,43B,,0,False,10,1,9,False,Indicator evidence only; no final hydric/nonhydric label assigned.
39392,S2018WY029012,E,43B,,0,False,10,1,9,False,Indicator evidence only; no final hydric/nonhydric label assigned.
39394,S2018WY029019,E,43B,,0,False,10,1,9,False,Indicator evidence only; no final hydric/nonhydric label assigned.
39395,S2018WY029021,E,43B,,0,False,10,1,9,False,Indicator evidence only; no final hydric/nonhydric label assigned.
39396,S2018WY029022,E,43B,,0,False,10,1,9,False,Indicator evidence only; no final hydric/nonhydric label assigned.
39397,S2018WY029024,E,43B,,0,False,10,3,7,False,Indicator evidence only; no final hydric/nonhydric label assigned.
39398,S2018WY029025,E,43B,,0,False,10,1,9,False,Indicator evidence only; no final hydric/nonhydric label assigned.
39399,S2018WY029029,E,43B,,0,False,10,1,9,False,Indicator evidence only; no final hydric/nonhydric label assigned.
39413,S2018WA059009,E,44B,,0,False,10,1,9,False,Indicator evidence only; no final hydric/nonhydric label assigned.
39463,S2018AK185102,Y,245,,0,False,3,1,2,False,Indicator evidence only; no final hydric/nonhydric label assigned.
39464,S2018AK185103,Y,245,,0,False,3,1,2,False,Indicator evidence only; no final hydric/nonhydric label assigned.
39465,S2018AK185108,Y,245,,0,False,3,1,2,False,Indicator evidence only; no final hydric/nonhydric label assigned.
39466,S2018AK185109,Y,245,,0,False,3,1,2,False,Indicator evidence only; no final hydric/nonhydric label assigned.
39467,S2018AK185111,Y,245,,0,False,3,1,2,False,Indicator evidence only; no final hydric/nonhydric label assigned.
39468,S2018AK185113,Y,245,,0,False,3,1,2,False,Indicator evidence only; no final hydric/nonhydric label assigned.
39469,S2018AK185117,Y,245,,0,False,3,1,2,False,Indicator evidence only; no final hydric/nonhydric label assigned.
39470,S2018AK185118,Y,245,,0,False,3,1,2,False,Indicator evidence only; no final hydric/nonhydric label assigned.
39471,S2018AK185119,Y,245,,0,False,3,1,2,False,Indicator evidence only; no final hydric/nonhydric label assigned.
39472,S2018AK185120,Y,245,,0,False,3,1,2,False,Indicator evidence only; no final hydric/nonhydric label assigned.
39473,S2018AK185122,Y,245,,0,False,3,1,2,False,Indicator evidence only; no final hydric/nonhydric label assigned.
39474,S2018AK185123,Y,245,,0,False,3,1,2,False,Indicator evidence only; no final hydric/nonhydric label assigned.
39475,S2018AK185128,Y,245,,0,False,3,1,2,False,Indicator evidence only; no final hydric/nonhydric label assigned.
39476,S2018AK185131,Y,245,,0,False,3,1,2,False,Indicator evidence only; no final hydric/nonhydric label assigned.
39477,S2018AK185132,Y,245,,0,False,3,1,2,False,Indicator evidence only; no final hydric/nonhydric label assigned.
39478,S2018AK185135,Y,245,,0,False,3,1,2,False,Indicator evidence only; no final hydric/nonhydric label assigned.
39479,S2018AK185136,Y,245,,0,False,3,1,2,False,Indicator evidence only; no final hydric/nonhydric label assigned.
39480,S2018AK185171,Y,245,,0,False,3,1,2,False,Indicator evidence only; no final hydric/nonhydric label assigned.
39481,S2018AK185172,Y,245,,0,False,3,1,2,False,Indicator evidence only; no final hydric/nonhydric label assigned.
39489,S2018AK090001,X1,231,,0,False,0,0,0,False,Indicator evidence only; no final hydric/nonhydric label assigned.
39490,S2018AK090002,X1,231,,0,False,0,0,0,False,Indicator evidence only; no final hydric/nonhydric label assigned.
39491,S2018AK090003,X1,231,,0,False,0,0,0,False,Indicator evidence only; no final hydric/nonhydric label assigned.
39492,S2018AK090007,X1,231,,0,False,0,0,0,False,Indicator evidence only; no final hydric/nonhydric label assigned.
39493,S2018AK090008,X1,231,,0,False,0,0,0,False,Indicator evidence only; no final hydric/nonhydric label assigned.
39494,S2018AK090010,X1,231,,0,False,0,0,0,False,Indicator evidence only; no final hydric/nonhydric label assigned.
39495,S2018AK090013,X1,231,,0,False,0,0,0,False,Indicator evidence only; no final hydric/nonhydric label assigned.
39496,S2018AK090015,X1,231,,0,False,0,0,0,False,Indicator evidence only; no final hydric/nonhydric label assigned.
39497,S2018AK090016,X1,231,,0,False,0,0,0,False,Indicator evidence only; no final hydric/nonhydric label assigned.
39498,S2018AK090018,X1,231,,0,False,0,0,0,False,Indicator evidence only; no final hydric/nonhydric label assigned.
39499,S2018AK090019,X1,231,,0,False,0,0,0,False,Indicator evidence only; no final hydric/nonhydric label assigned.
39500,S2018AK090021,X1,231,,0,False,0,0,0,False,Indicator evidence only; no final hydric/nonhydric label assigned.
39501,S2018AK090022,X1,231,,0,False,0,0,0,False,Indicator evidence only; no final hydric/nonhydric label assigned.
39502,S2018AK090023,X1,231,,0,False,0,0,0,False,Indicator evidence only; no final hydric/nonhydric label assigned.
39503,S2018AK090027,X1,231,,0,False,0,0,0,False,Indicator evidence only; no final hydric/nonhydric label assigned.
39504,S2018AK090028,X1,231,,0,False,0,0,0,False,Indicator evidence only; no final hydric/nonhydric label assigned.
43156,S2021CA019001,D,22A,,0,False,11,1,10,False,Indicator evidence only; no final hydric/nonhydric label assigned.
43157,S2021CA019002,D,22A,,0,False,11,3,8,False,Indicator evidence only; no final hydric/nonhydric label assigned.
43158,S2021CA019003,D,22A,,0,False,11,1,10,False,Indicator evidence only; no final hydric/nonhydric label assigned.
43159,S2021CA019004,D,22A,,0,False,11,5,6,False,Indicator evidence only; no final hydric/nonhydric label assigned.
43160,S2021CA019005,D,22A,,0,False,11,3,8,False,Indicator evidence only; no final hydric/nonhydric label assigned.
43161,S2021CA019006,D,22A,,0,False,11,5,6,False,Indicator evidence only; no final hydric/nonhydric label assigned.
43162,S2021CA019007,D,22A,,0,False,11,1,10,False,Indicator evidence only; no final hydric/nonhydric label assigned.
43163,S2021CA019008,D,22A,,0,False,11,5,6,False,Indicator evidence only; no final hydric/nonhydric label assigned.
43164,S2021CA019009,D,22A,,0,False,11,1,10,False,Indicator evidence only; no final hydric/nonhydric label assigned.
43165,S2021CA019010,D,22A,,0,False,11,3,8,False,Indicator evidence only; no final hydric/nonhydric label assigned.
43166,S2021CA019011,D,22A,,0,False,11,3,8,False,Indicator evidence only; no final hydric/nonhydric label assigned.
43167,S2021CA019012,D,22A,,0,False,11,5,6,False,Indicator evidence only; no final hydric/nonhydric label assigned.
