indicator_code,indicator_name,indicator_family,approved_or_test,applicable_LRR,applicable_MLRA,soil_texture_scope,measurement_datum,maximum_start_depth_cm,minimum_thickness_cm,matrix_hue_requirement,matrix_value_requirement,matrix_chroma_requirement,matrix_percentage_requirement,redox_type_requirement,redox_percentage_requirement,organic_material_requirement,taxonomy_requirement,landscape_requirement,other_requirement,required_input_fields,notes,source_page,raw_rule_text,source
A1,Histosol or Histel,A,APPROVED,all LRRs,See applicable_LRR text for exceptions/restrictions,all soils,,,,,,,,,,,"Histosol except Folist, or Histel except Folistel",,,taxonomy,Primary executable implementation,11,A1.—Histosol or Histel. For use in all LRRs. Classifies as a Histosol (except Folist) or as a Histel (except Folistel).,"USDA NRCS/NTCHS, Field Indicators of Hydric Soils in the United States, Version 9.3 (2026), with February 2026 errata"
A2,Histic Epipedon,A,APPROVED,all LRRs,See applicable_LRR text for exceptions/restrictions,,,,,,,,,,,,,,,,Approved rule transcribed; not executable in this first high-confidence implementation,12,A2.—Histic Epipedon. For use in all LRRs. A histic epipedon underlain by mineral soil material with chroma of 2 or less.,"USDA NRCS/NTCHS, Field Indicators of Hydric Soils in the United States, Version 9.3 (2026), with February 2026 errata"
A3,Black Histic,A,APPROVED,all LRRs,See applicable_LRR text for exceptions/restrictions,all soils,soil surface,15,20,10YR or yellower,<=3,<=1; underlying mineral material <=2,,,,"peat, mucky peat, or muck",,,,organic material type; continuous depth; moist hue/value/chroma; underlying mineral chroma,Primary executable implementation,12,"A3.—Black Histic. For use in all LRRs. A layer of peat, mucky peat, or muck 20 cm (8 inches) or more thick starting at a depth of 15 cm (6 inches) or less from the soil surface with a hue of 10YR or yellower, value of 3 or less, and chroma of 1 or less and underlain by mineral soil material with chroma of 2 or less.","USDA NRCS/NTCHS, Field Indicators of Hydric Soils in the United States, Version 9.3 (2026), with February 2026 errata"
A4,Hydrogen Sulfide,A,APPROVED,all LRRs,See applicable_LRR text for exceptions/restrictions,,,,,,,,,,,,,,,,Approved rule transcribed; not executable in this first high-confidence implementation,12,A4.—Hydrogen Sulfide. For use in all LRRs. A hydrogen sulfide odor starting at a depth of 30 cm (12 inches) or less from the soil surface.,"USDA NRCS/NTCHS, Field Indicators of Hydric Soils in the United States, Version 9.3 (2026), with February 2026 errata"
A5,Stratified Layers,A,APPROVED,"LRRs C, F, K, L, M, N, O, P, R, S, T, and U; for testing in LRRs Q, V, and Z. Several stratified layers starting at a depth of 15 cm (6 inches) or less from the soil surface",See applicable_LRR text for exceptions/restrictions,,,,,,,,,,,,,,,,Approved rule transcribed; not executable in this first high-confidence implementation,12,"A5.—Stratified Layers. For use in LRRs C, F, K, L, M, N, O, P, R, S, T, and U; for testing in LRRs Q, V, and Z. Several stratified layers starting at a depth of 15 cm (6 inches) or less from the soil surface. At least one of the layers has value of 3 or less and chroma of 1 or less, or it is muck, mucky peat, peat, or a mucky modified mineral texture. The remaining layers in the upper 15 cm (6 inches) have chroma of 2 or less. For any sandy material that constitutes the layer with value of 3 or less and chroma of 1 or less, at least 70 percent of the visible soil particles must be masked with organic material when viewed through a 10x or 15x hand lens. Figure 9.—Indicators A2, Histic Epipedon, and A3, Black Histic. This soil meets the depth criterion of A2 and the color and depth criteria of A3. The black color, a requirement of A3, results from the accumulation of organic matter when the soil is saturated and anaerobic.","USDA NRCS/NTCHS, Field Indicators of Hydric Soils in the United States, Version 9.3 (2026), with February 2026 errata"
A6,Organic Bodies,A,APPROVED,"LRRs P (except for MLRA 136), T, U, and Z",See applicable_LRR text for exceptions/restrictions,,,,,,,,,,,,,,,,Approved rule transcribed; not executable in this first high-confidence implementation,13,"A6.—Organic Bodies. For use in LRRs P (except for MLRA 136), T, U, and Z. Presence of 2 percent or more organic bodies of muck or a mucky modified mineral texture, starting at a depth of 15 cm (6 inches) or less from the soil surface.","USDA NRCS/NTCHS, Field Indicators of Hydric Soils in the United States, Version 9.3 (2026), with February 2026 errata"
A7,5 cm Mucky Mineral,A,APPROVED,"LRRs P (except for MLRA 136), T, U, and Z",See applicable_LRR text for exceptions/restrictions,all soils,soil surface,15,5,,,,,,,mucky modified mineral soil material,,,,explicit mucky texture/material; depth and thickness,Primary executable implementation,14,"A7.—5 cm Mucky Mineral. For use in LRRs P (except for MLRA 136), T, U, and Z. A layer of mucky modified mineral soil material 5 cm (2 inches) or more thick, starting at a depth of 15 cm (6 inches) or less from the soil surface (fig. 13).","USDA NRCS/NTCHS, Field Indicators of Hydric Soils in the United States, Version 9.3 (2026), with February 2026 errata"
A8,Muck Presence,A,APPROVED,"LRRs Q, U, V, and Z",See applicable_LRR text for exceptions/restrictions,all soils,soil surface,15,0,,<=3,<=1,,,,"muck (sapric), any thickness",,,,explicit muck; depth; moist value/chroma,Primary executable implementation,14,"A8.—Muck Presence. For use in LRRs Q, U, V, and Z. A layer of muck with value of 3 or less and chroma of 1 or less, starting at a depth of 15 cm (6 inches) or less from the soil surface.","USDA NRCS/NTCHS, Field Indicators of Hydric Soils in the United States, Version 9.3 (2026), with February 2026 errata"
A9,1 cm Muck,A,APPROVED,"LRRs D, F, G, H, P (except for MLRA 136), and T; for testing in LRRs C, I, J, and O",See applicable_LRR text for exceptions/restrictions,all soils,soil surface,15,1,,<=3,<=1,,,,muck (sapric),,,,explicit muck; depth and thickness; moist value/chroma,Primary executable implementation,14,"A9.—1 cm Muck. For use in LRRs D, F, G, H, P (except for MLRA 136), and T; for testing in LRRs C, I, J, and O. A layer of muck 1 cm (0.5 inch) or more thick with value of 3 or less and chroma of 1 or less, starting at a depth of 15 cm (6 inches) or less from the soil surface. 15 Field Indicators of Hydric Soils Figure 14.—Indicator A9, 1 cm Muck. This soil has more than 1 cm of muck, starting at 8 cm on the left measuring tape. Different LRRs may use the presence of muck or 2 cm of muck as an indicator of a hydric soil.","USDA NRCS/NTCHS, Field Indicators of Hydric Soils in the United States, Version 9.3 (2026), with February 2026 errata"
A10,2 cm Muck,A,APPROVED,"LRRs M and N; for testing in LRRs A, B, E, K, L, and S (except for MLRA 148)",See applicable_LRR text for exceptions/restrictions,all soils,soil surface,15,2,,<=3,<=1,,,,muck (sapric),,,,explicit muck; depth and thickness; moist value/chroma,Primary executable implementation,15,"A10.—2 cm Muck. For use in LRRs M and N; for testing in LRRs A, B, E, K, L, and S (except for MLRA 148). A layer of muck 2 cm (0.75 inch) or more thick with value of 3 or less and chroma of 1 or less, starting at a depth of 15 cm (6 inches) or less from the soil surface.","USDA NRCS/NTCHS, Field Indicators of Hydric Soils in the United States, Version 9.3 (2026), with February 2026 errata"
A11,Depleted Below Dark Surface,A,APPROVED,"all LRRs except for W, X, and Y; for testing in LRRs W, X, and Y",See applicable_LRR text for exceptions/restrictions,all soils,soil surface,30,15,,,,>=60% depleted/gleyed matrix with chroma <=2,,,,,,,continuous layers; moist color; explicit depleted/gleyed matrix; texture; masked sand percentage when sandy,Primary executable implementation,15,"A11.—Depleted Below Dark Surface. For use in all LRRs except for W, X, and Y; for testing in LRRs W, X, and Y. A layer with a depleted or gleyed matrix that has 60 percent or more chroma of 2 or less, starting at a depth of 30 cm (12 inches) or less from the soil surface and having a minimum thickness of either 1. 15 cm (6 inches), or 2. 5 cm (2 inches) if the 5 cm consists of fragmental soil material. Organic, loamy, or clayey layer(s) above the depleted or gleyed matrix must have value of 3 or less and chroma of 2 or less starting at a depth of less than 15 cm (6 inches) from the soil surface and extend to the depleted or gleyed matrix. Any loamy fine sand and coarser material above the depleted matrix must have value of 3 or less and chroma of 1 or less starting at a depth of 15 cm (6 inches) or less from the soil surface and extend to the depleted or gleyed matrix. When viewed through a 10x or 15x hand lens, at least 70 percent of the visible sand particles must be masked with organic material.","USDA NRCS/NTCHS, Field Indicators of Hydric Soils in the United States, Version 9.3 (2026), with February 2026 errata"
A12,Thick Dark Surface,A,APPROVED,all LRRs,See applicable_LRR text for exceptions/restrictions,all soils,soil surface,depleted/gleyed starts >30,15,,,,>=60% depleted/gleyed matrix,,,,,,,continuous dark surface layers through >=30 cm; moist color; explicit depleted/gleyed matrix; masked sand percentage when sandy,Primary executable implementation,17,"A12.—Thick Dark Surface. For use in all LRRs. A layer 15 cm (6 inches) or more thick with a depleted or gleyed matrix that has 60 percent or more chroma of 2 or less starting at a depth of more than 30 cm (12 inches) from the soil surface. The layer(s) above the depleted or gleyed matrix and starting at a depth of less than 15 cm (6 inches) from the soil surface must have value of 2.5 or less and chroma of 1 or less to a depth of 30 cm (12 inches) or more and a value of 3 or less and chroma of 1 or less in any remaining layers above the depleted or gleyed matrix. In any loamy fine sand and coarser material above the depleted or gleyed matrix, at least 70 percent of the particles must be masked with organic material when viewed through a 10x or 15x hand lens.","USDA NRCS/NTCHS, Field Indicators of Hydric Soils in the United States, Version 9.3 (2026), with February 2026 errata"
A13,Alaska Gleyed,A,APPROVED,"LRRs W, X, and Y",See applicable_LRR text for exceptions/restrictions,,,,,,,,,,,,,,,,Approved rule transcribed; not executable in this first high-confidence implementation,17,"A13.—Alaska Gleyed. For use in LRRs W, X, and Y. A mineral layer with more than 50 percent gleyed matrix. The layer starts at a depth of 30 cm (12 inches) or less from the mineral surface Figure 17.—Indicator A12, Thick Dark Surface. Observations deeper in the profile are needed to determine whether a soil meets the requirements of this indicator. In this soil, depth to the depleted matrix is about 55 cm. and is underlain at a depth 1.5 m (60 inches) or less from the soil surface by soil material with hue of 5Y or redder in the same type of parent material.","USDA NRCS/NTCHS, Field Indicators of Hydric Soils in the United States, Version 9.3 (2026), with February 2026 errata"
A14,Alaska Redox,A,APPROVED,"LRRs W, X, and Y",See applicable_LRR text for exceptions/restrictions,,,,,,,,,,,,,,,,Approved rule transcribed; not executable in this first high-confidence implementation,18,"A14.—Alaska Redox. For use in LRRs W, X, and Y. A mineral layer that has dominant hue of Figure 19.—Indicator A14, Alaska Redox. The matrix color meets the requirements of a gleyed matrix. Reddish orange redox concentrations occur along the pores and channels of living roots. 5Y with chroma of 3 or less or a gleyed matrix of 10 percent or more distinct or prominent redox concentrations occurring as pore linings with value and chroma of 4 or more. The layer occurs at a depth of 30 cm (12 inches) or less from the soil surface.","USDA NRCS/NTCHS, Field Indicators of Hydric Soils in the United States, Version 9.3 (2026), with February 2026 errata"
A15,Alaska Gleyed Pores,A,APPROVED,"LRRs W, X, and Y",See applicable_LRR text for exceptions/restrictions,,,,,,,,,,,,,,,,Approved rule transcribed; not executable in this first high-confidence implementation,19,"A15.—Alaska Gleyed Pores. For use in LRRs W, X, and Y. A mineral layer of 10 percent or more gleyed matrix colors along root channels or other pores and that starts at a depth of 30 cm (12 inches) or less from the soil surface. The matrix has a dominant hue of 5Y or redder.","USDA NRCS/NTCHS, Field Indicators of Hydric Soils in the United States, Version 9.3 (2026), with February 2026 errata"
A16,Coast Prairie Redox,A,APPROVED,MLRA 150A of LRR T; for testing in LRR S (except for MLRA 149B),See applicable_LRR text for exceptions/restrictions,,,,,,,,,,,,,,,,Approved rule transcribed; not executable in this first high-confidence implementation,19,A16.—Coast Prairie Redox. For use in MLRA 150A of LRR T; for testing in LRR S (except for MLRA 149B). A layer starting at a depth of 15 cm (6 inches) or less from the soil surface that is 10 cm (4 inches) or more thick and has a matrix chroma of 3 or less with 2 percent or more distinct or prominent redox concentrations occurring as soft masses and/or pore linings.,"USDA NRCS/NTCHS, Field Indicators of Hydric Soils in the United States, Version 9.3 (2026), with February 2026 errata"
A17,Mesic Spodic,A,APPROVED,MLRA 144A and 145 of LRR R and in MLRA 149B of LRR S,See applicable_LRR text for exceptions/restrictions,,,,,,,,,,,,,,,,Approved rule transcribed; not executable in this first high-confidence implementation,19,"A17.—Mesic Spodic. For use in MLRA 144A and 145 of LRR R and in MLRA 149B of LRR S. A layer that is 5 cm (2 inches) or more thick, that starts at a depth of 15 cm (6 inches) or less from the mineral soil surface, that has value of 3 or less and chroma of 2 or less, and that is directly underlain by either 1. one or more layers of spodic materials that have a combined thickness of 8 cm (3 inches) or more, that start at a depth of 30 cm (12 inches) or less from the mineral soil surface, and that have a value and chroma 3 or less; or 2. one or more layers that have a combined thickness of 5 cm (2 inches) or more, that start at a depth of 30 cm (12 inches) or less from the mineral soil surface, that have a value of 4 or more and chroma of 2 or less, and that are directly underlain by one or more layers that have a combined thickness of 8 cm (3 inches) or more, that are spodic materials, and that have a value and chroma of 3 or less. 20 Field Indicators of Hydric Soils","USDA NRCS/NTCHS, Field Indicators of Hydric Soils in the United States, Version 9.3 (2026), with February 2026 errata"
A18,Iron Monosulfide,A,APPROVED,"all LRRs. Positive identification of dark-gray or black iron monosulfide concentrations with value of 4 or less and chroma of 2 or less, starting at a depth of 25 cm (10 inches) or less from the soil surface.",See applicable_LRR text for exceptions/restrictions,,,,,,,,,,,,,,,,Approved rule transcribed; not executable in this first high-confidence implementation,20,"A18.—Iron Monosulfide. For use in all LRRs. Positive identification of dark-gray or black iron monosulfide concentrations with value of 4 or less and chroma of 2 or less, starting at a depth of 25 cm (10 inches) or less from the soil surface.","USDA NRCS/NTCHS, Field Indicators of Hydric Soils in the United States, Version 9.3 (2026), with February 2026 errata"
S1,Sandy Mucky Mineral,S,APPROVED,"all LRRs except T, U, W, X, Y, and Z and all but MLRA 136 of P",See applicable_LRR text for exceptions/restrictions,,,,,,,,,,,,,,,,Approved rule transcribed; not executable in this first high-confidence implementation,20,"S1.—Sandy Mucky Mineral. For use in all LRRs except T, U, W, X, Y, and Z and all but MLRA 136 of P. A layer of mucky modified sandy soil material 5 cm (2 inches) or more thick starting at a depth of 15 cm (6 inches) or less from the soil surface.","USDA NRCS/NTCHS, Field Indicators of Hydric Soils in the United States, Version 9.3 (2026), with February 2026 errata"
S2,2.5 cm Mucky Peat or Peat,S,APPROVED,LRRs G and H,See applicable_LRR text for exceptions/restrictions,,,,,,,,,,,,,,,,Approved rule transcribed; not executable in this first high-confidence implementation,21,"S2.—2.5 cm Mucky Peat or Peat. For use in LRRs G and H. A layer of mucky peat or peat 2.5 cm (1 inch) or more thick with value of 4 or less and chroma of 3 or less, starting at a depth of 15 cm (6 inches) or less from the soil surface, and underlain by sandy soil material.","USDA NRCS/NTCHS, Field Indicators of Hydric Soils in the United States, Version 9.3 (2026), with February 2026 errata"
S3,5 cm Mucky Peat or Peat,S,APPROVED,"LRRs F and M; for testing in LRRs K, L, and R",See applicable_LRR text for exceptions/restrictions,,,,,,,,,,,,,,,,Approved rule transcribed; not executable in this first high-confidence implementation,21,"S3.—5 cm Mucky Peat or Peat. For use in LRRs F and M; for testing in LRRs K, L, and R. A layer of mucky peat or peat 5 cm (2 inches) or more thick with value of 3 or less and chroma of 2 or less, starting at a depth of 15 cm (6 inches) or less from the soil surface, and underlain by sandy soil material.","USDA NRCS/NTCHS, Field Indicators of Hydric Soils in the United States, Version 9.3 (2026), with February 2026 errata"
S4,Sandy Gleyed Matrix,S,APPROVED,"all LRRs, except for W, X, and Y",See applicable_LRR text for exceptions/restrictions,sandy soil material,soil surface,15,0,"gley page hues N, 10Y, 5GY, 10GY, 5G, 10G, 5BG, 10BG, 5B, 10B, or 5PB",>=4,,>=60% gleyed matrix,,,,,,,sandy texture; explicit moist gley hue/value; matrix percentage; start depth,Primary executable implementation,21,"S4.—Sandy Gleyed Matrix. For use in all LRRs, except for W, X, and Y. A gleyed matrix that occupies 60 percent or more of a layer starting at a depth of 15 cm (6 inches) or less from the soil surface.","USDA NRCS/NTCHS, Field Indicators of Hydric Soils in the United States, Version 9.3 (2026), with February 2026 errata"
S5,Sandy Redox,S,APPROVED,"all LRRs, except for Q, V, W, X, and Y",See applicable_LRR text for exceptions/restrictions,sandy soil material,soil surface,15,10,,,<=2,>=60%,distinct/prominent soft masses and/or pore linings,>=2%,,,,,sandy texture; continuous depth; moist chroma; matrix percentage; redox percentage/type/contrast,Primary executable implementation,21,"S5.—Sandy Redox. For use in all LRRs, except for Q, V, W, X, and Y. A layer starting at a depth of 22 Field Indicators of Hydric Soils 15 cm (6 inches) or less from the soil surface that is 10 cm (4 inches) or more thick and has a matrix with 60 percent or more chroma of 2 or less and 2 or more percent distinct or prominent redox concentrations occurring as soft masses and/or pore linings.","USDA NRCS/NTCHS, Field Indicators of Hydric Soils in the United States, Version 9.3 (2026), with February 2026 errata"
S6,Stripped Matrix,S,APPROVED,"all LRRs, except for V, W, X, and Y",See applicable_LRR text for exceptions/restrictions,,,,,,,,,,,,,,,,Approved rule transcribed; not executable in this first high-confidence implementation,22,"S6.—Stripped Matrix. For use in all LRRs, except for V, W, X, and Y. A layer starting at a depth of 15 cm (6 inches) or less from the soil surface in which iron-manganese oxides and/ or organic matter have been stripped from the matrix and the primary base color of the soil material has been exposed. The stripped areas and translocated oxides and/or organic matter form a faintly contrasting pattern of two or more colors with diffuse boundaries. The stripped zones are 10 percent or more of the volume and are rounded.","USDA NRCS/NTCHS, Field Indicators of Hydric Soils in the United States, Version 9.3 (2026), with February 2026 errata"
S7,Dark Surface,S,APPROVED,"LRRs K, L, M, N, P, Q, R, S, T, U, V, and Z",See applicable_LRR text for exceptions/restrictions,,,,,,,,,,,,,,,,Approved rule transcribed; not executable in this first high-confidence implementation,23,"S7.—Dark Surface. For use in LRRs K, L, M, N, P, Q, R, S, T, U, V, and Z. A layer 10 cm (4 inches) or more thick, starting at a depth of 15 cm (6 inches) or less from the soil surface, with a matrix value of 3 or less and chroma of 1 or less. At least 70 percent of the visible soil particles must be masked with organic material when viewed through a 10x or 15x hand lens. The matrix color of the layer directly below the dark layer must have the same colors as described above or any color with a chroma of 2 or less.","USDA NRCS/NTCHS, Field Indicators of Hydric Soils in the United States, Version 9.3 (2026), with February 2026 errata"
S8,Polyvalue Below Surface,S,APPROVED,"LRRs R, S, T, and U; for testing in LRRs K and L",See applicable_LRR text for exceptions/restrictions,,,,,,,,,,,,,,,,Approved rule transcribed; not executable in this first high-confidence implementation,23,"S8.—Polyvalue Below Surface. For use in LRRs R, S, T, and U; for testing in LRRs K and L. A layer with a value of 3 or less and chroma of 1 or less starting at a depth of 15 cm (6 inches) or less from the soil surface. At least 70 percent of the visible soil particles must be masked with organic material when viewed through a 10x or 15x hand lens. Directly below this layer, 5 percent or more of the soil volume has a value of 3 or less and chroma of 1 or less, and the remainder of the 24 Field Indicators of Hydric Soils soil volume has value of 4 or more and chroma of 1 or less to a depth of 30 cm (12 inches) or to the spodic horizon.","USDA NRCS/NTCHS, Field Indicators of Hydric Soils in the United States, Version 9.3 (2026), with February 2026 errata"
S9,Thin Dark Surface,S,APPROVED,"LRRs R, S, T, and U; for testing in LRRs K and L",See applicable_LRR text for exceptions/restrictions,,,,,,,,,,,,,,,,Approved rule transcribed; not executable in this first high-confidence implementation,24,"S9.—Thin Dark Surface. For use in LRRs R, S, T, and U; for testing in LRRs K and L. A layer 5 cm (2 inches) or more thick, starting at a depth of 15 cm (6 inches) or less from the soil surface, with value of 3 or less and chroma of 1 or less. At least 70 percent of the visible soil particles must be masked with organic material when viewed through a 10x or 15x hand lens. This layer is underlain by a layer or layers with value of 4 or less and chroma of 1 or less to a depth of 30 cm or a spodic horizon.","USDA NRCS/NTCHS, Field Indicators of Hydric Soils in the United States, Version 9.3 (2026), with February 2026 errata"
S11,High Chroma Sands,S,APPROVED,See raw rule and Appendix 1,See applicable_LRR text for exceptions/restrictions,,,,,,,,,,,,,,,,Approved rule transcribed; not executable in this first high-confidence implementation,24,"S11.—High Chroma Sands. For use along shorelines and near shore regions of the Great Lakes in LRRs K and L. In coastal zones and dune-and-swale complexes, a layer 5 cm (2 inches) or more thick starting at a depth of 10 cm (4 inches) or less from the soil surface with chroma of 4 or less and 2 percent or more distinct or prominent redox concentrations.","USDA NRCS/NTCHS, Field Indicators of Hydric Soils in the United States, Version 9.3 (2026), with February 2026 errata"
S12,Barrier Islands 1 cm Muck,S,APPROVED,MLRA 153B and 153D of LRR T,See applicable_LRR text for exceptions/restrictions,,,,,,,,,,,,,,,,Approved rule transcribed; not executable in this first high-confidence implementation,25,"S12.—Barrier Islands 1 cm Muck. For use in MLRA 153B and 153D of LRR T. In the swale portion of dune-and-swale complexes of barrier islands, a layer of muck 1 cm (0.5 inch) or more thick with value of 3 or less and chroma of 2 or less and starting at a depth of 15 cm (6 inches) or less from the soil surface.","USDA NRCS/NTCHS, Field Indicators of Hydric Soils in the United States, Version 9.3 (2026), with February 2026 errata"
F1,Loamy Mucky Mineral,F,APPROVED,"all LRRs, except for N, Q, R, S, V, W, X, and Y, those using A7 (LRRs P, T, U, and Z), and MLRA 1 of LRR A",See applicable_LRR text for exceptions/restrictions,,,,,,,,,,,,,,,,Approved rule transcribed; not executable in this first high-confidence implementation,25,"F1.—Loamy Mucky Mineral. For use in all LRRs, except for N, Q, R, S, V, W, X, and Y, those using A7 (LRRs P, T, U, and Z), and MLRA 1 of LRR A. A layer of mucky modified loamy or clayey soil material 10 cm (4 inches) or more thick starting at a depth of 15 cm (6 inches) or less from the soil surface.","USDA NRCS/NTCHS, Field Indicators of Hydric Soils in the United States, Version 9.3 (2026), with February 2026 errata"
F2,Loamy Gleyed Matrix,F,APPROVED,"all LRRs, except for W, X, and Y",See applicable_LRR text for exceptions/restrictions,loamy and clayey (loamy very fine sand and finer),soil surface,30,0,gley page hues,>=4,,>=60% gleyed matrix,,,,,,,loamy/clayey texture; explicit moist gley hue/value; matrix percentage; start depth,Primary executable implementation,25,"F2.—Loamy Gleyed Matrix. For use in all LRRs, except for W, X, and Y. A gleyed matrix that occupies 60 percent or more of a layer starting at a depth of 30 cm (12 inches) or less from the soil surface (fig. 29).","USDA NRCS/NTCHS, Field Indicators of Hydric Soils in the United States, Version 9.3 (2026), with February 2026 errata"
F3,Depleted Matrix,F,APPROVED,"all LRRs, except W, X, and Y; for testing in LRRs W, X, and Y",See applicable_LRR text for exceptions/restrictions,loamy and clayey,soil surface,10 (5-cm layer) OR 25 (15-cm layer),5 OR 15,,>=4,<=2,>=60% depleted matrix,"required for 4/1, 4/2, 5/2 and for A/E/calcic exclusions",>=2% distinct/prominent soft masses or pore linings where required,,,,,loamy/clayey texture; continuous depth; moist color; explicit wetness-derived depleted matrix; redox details where required,Primary executable implementation,26,"F3.—Depleted Matrix. For use in all LRRs, except W, X, and Y; for testing in LRRs W, X, and Y. A layer that has a depleted matrix with 60 percent or more chroma of 2 or less and that has a minimum thickness of either 1. 5 cm (2 inches), starting at a depth of 10 cm (4 inches) or less from the soil surface, or 2. 15 cm (6 inches), starting at a depth of 25 cm (10 inches) or less from the soil surface.","USDA NRCS/NTCHS, Field Indicators of Hydric Soils in the United States, Version 9.3 (2026), with February 2026 errata"
F6,Redox Dark Surface,F,APPROVED,"all LRRs, except W, X, and Y; for testing in LRRs W, X, and Y",See applicable_LRR text for exceptions/restrictions,loamy and clayey,mineral soil surface,20,10,,<=3,<=1 with >=2% redox OR <=2 with >=5% redox,,distinct/prominent soft masses or pore linings,">=2% or >=5%, conditional on chroma",,,,,mineral datum; loamy/clayey texture; continuous depth; moist value/chroma; redox percentage/type/contrast,Primary executable implementation,27,"F6.—Redox Dark Surface. For use in all LRRs, except W, X, and Y; for testing in LRRs W, X, and Y. A layer that is 10 cm (4 inches) or more thick, starting at a depth of 20 cm (8 inches) or less from the mineral soil surface, and has 1. matrix value of 3 or less and chroma of 1 or less and 2 percent or more distinct or prominent redox concentrations occurring as soft masses or pore linings, or 2. matrix value of 3 or less and chroma of 2 or less and 5 percent or more distinct or prominent redox concentrations occurring as soft masses or pore linings.","USDA NRCS/NTCHS, Field Indicators of Hydric Soils in the United States, Version 9.3 (2026), with February 2026 errata"
F7,Depleted Dark Surface,F,APPROVED,"all LRRs except W, X, and Y; for testing in LRRs W, X, and Y",See applicable_LRR text for exceptions/restrictions,loamy and clayey,mineral soil surface,20,10,,<=3,<=1 with >=10% depletion OR <=2 with >=20% depletion,,depletions value >=5 and chroma <=2,">=10% or >=20%, conditional on matrix chroma",,,,,mineral datum; loamy/clayey texture; continuous depth; moist matrix and depletion colors; depletion percentage,Primary executable implementation,28,"F7.—Depleted Dark Surface. For use in all LRRs except W, X, and Y; for testing in LRRs W, X, and Y. Redox depletions with value of 5 or more and chroma of 2 or less in a layer that is 10 cm (4 inches) or more thick, starting at a depth of 20 cm (8 inches) or less from the mineral soil surface, and has 1. matrix value of 3 or less and chroma of 1 or less and 10 percent or more redox depletions, or 2. matrix value of 3 or less and chroma of 2 or less and 20 percent or more redox depletions.","USDA NRCS/NTCHS, Field Indicators of Hydric Soils in the United States, Version 9.3 (2026), with February 2026 errata"
F8,Redox Depressions,F,APPROVED,"all LRRs except W, X, and Y; for testing in LRRs W, X, and Y",See applicable_LRR text for exceptions/restrictions,,,,,,,,,,,,,,,,Approved rule transcribed; not executable in this first high-confidence implementation,28,"F8.—Redox Depressions. For use in all LRRs except W, X, and Y; for testing in LRRs W, X, and Y. In closed depressions subject to ponding, 5 percent or more distinct or prominent redox concentrations occurring as soft masses or pore linings in a layer that is 5 cm (2 inches) or more thick and starts at 10 cm (4 inches) or less from the soil surface.","USDA NRCS/NTCHS, Field Indicators of Hydric Soils in the United States, Version 9.3 (2026), with February 2026 errata"
F10,Marl,F,APPROVED,"LRR K, L, and U",See applicable_LRR text for exceptions/restrictions,,,,,,,,,,,,,,,,Approved rule transcribed; not executable in this first high-confidence implementation,28,"F10.—Marl. For use in LRR K, L, and U. A layer of marl with value of 5 or more and chroma of 2 or less starting at a depth of 10 cm (4 inches) or less from the soil surface (fig. 36).","USDA NRCS/NTCHS, Field Indicators of Hydric Soils in the United States, Version 9.3 (2026), with February 2026 errata"
F11,Depleted Ochric,F,APPROVED,MLRA 151 of LRR T,See applicable_LRR text for exceptions/restrictions,,,,,,,,,,,,,,,,Approved rule transcribed; not executable in this first high-confidence implementation,28,F11.—Depleted Ochric. For use in MLRA 151 of LRR T. A layer 10 cm (4 inches) or more thick in which 60 percent or more of the matrix has value of 4 or more and chroma of 1 or less. The layer starts at a depth 15 cm (6 inches) or less from the soil surface.,"USDA NRCS/NTCHS, Field Indicators of Hydric Soils in the United States, Version 9.3 (2026), with February 2026 errata"
F12,Iron-Manganese Masses,F,APPROVED,"LRRs N, O, P, and T; for testing in LRRs D, K, L, M, and R. On flood plains, a layer 10 cm (4 inches) or more thick with 40 percent or more 29 Field Indicators of Hydric Soils Figure 34.—Indicator F8, Redox Depressions. F8 requires only 5 percent redox concentrations in the upper part of the soil and has no matrix color requirement. Figure 35.—Indicator F8, Redox Depressions. Indicator F8 requires that the soil be in a closed depression subject to ponding. This soil is in a backwater depression on a flood plain. Figure 36.—Indicator F10, Marl",See applicable_LRR text for exceptions/restrictions,,,,,,,,,,,,,,,,Approved rule transcribed; not executable in this first high-confidence implementation,28,"F12.—Iron-Manganese Masses. For use in LRRs N, O, P, and T; for testing in LRRs D, K, L, M, and R. On flood plains, a layer 10 cm (4 inches) or more thick with 40 percent or more 29 Field Indicators of Hydric Soils Figure 34.—Indicator F8, Redox Depressions. F8 requires only 5 percent redox concentrations in the upper part of the soil and has no matrix color requirement. Figure 35.—Indicator F8, Redox Depressions. Indicator F8 requires that the soil be in a closed depression subject to ponding. This soil is in a backwater depression on a flood plain. Figure 36.—Indicator F10, Marl. In this profile, marl begins at a depth of 10 cm or less from the soil surface. The scale is in cm. chroma of 2 or less and 2 percent or more distinct or prominent redox concentrations occurring as soft iron-manganese masses with diffuse boundaries. The layer starts at a depth of 20 cm (8 inches) or less from the soil surface. Iron- manganese masses have value and chroma of 3 or less. Most commonly, they are black. The thickness requirement is waived if the layer is the mineral soil surface layer.","USDA NRCS/NTCHS, Field Indicators of Hydric Soils in the United States, Version 9.3 (2026), with February 2026 errata"
F13,Umbric Surface,F,APPROVED,"LRRs P, T, and U and MLRA 122 of LRR N",See applicable_LRR text for exceptions/restrictions,,,,,,,,,,,,,,,,Approved rule transcribed; not executable in this first high-confidence implementation,29,"F13.—Umbric Surface. For use in LRRs P, T, and U and MLRA 122 of LRR N. A layer 25 cm (10 inches) or more thick, starting at a depth of 15 cm (6 inches) or less from the soil surface, in which the upper 15 cm (6 inches) has value of 3 or less and chroma of 1 or less and in which the Figure 37.—Indicator F12, Iron-Manganese Masses. Although this indicator requires only 40 percent value of 4 or more and chroma of 2 or less, at least 2 percent iron-manganese masses is needed. These masses are indicated by black splotches in this photo. 30 Field Indicators of Hydric Soils lower 10 cm (4 inches) has the same colors as those described above or any other color that has chroma of 2 or less.","USDA NRCS/NTCHS, Field Indicators of Hydric Soils in the United States, Version 9.3 (2026), with February 2026 errata"
F16,High Plains Depressions,F,APPROVED,MLRAs 72 and 73 of LRR H; for testing in other MLRAs of LRR H,See applicable_LRR text for exceptions/restrictions,,,,,,,,,,,,,,,,Approved rule transcribed; not executable in this first high-confidence implementation,30,"F16.—High Plains Depressions. For use in MLRAs 72 and 73 of LRR H; for testing in other MLRAs of LRR H. In closed depressions that are subject to ponding, a mineral soil that has chroma of 1 or less to a depth of 35 cm (13.5 inches) or more from the soil surface and a layer of 10 cm (4 inches) or more thick starting at a depth of 25 cm Figure 38.—Indicator F13, Umbric Surface. This soil has an umbric surface horizon about 44 cm thick. It meets the requirements not only of indicator F13 but also of indicators A7, 5 cm Mucky Mineral, and A12, Thick Dark Surface. (10 inches) or less from the mineral soil surface that has either 1. one percent or more redox concentrations occurring as nodules or concretions, or 2. redox concentrations occurring as nodules or concretions with distinct or prominent corona (halo).","USDA NRCS/NTCHS, Field Indicators of Hydric Soils in the United States, Version 9.3 (2026), with February 2026 errata"
F17,Delta Ochric,F,APPROVED,MLRA 151 of LRR T,See applicable_LRR text for exceptions/restrictions,,,,,,,,,,,,,,,,Approved rule transcribed; not executable in this first high-confidence implementation,30,F17.—Delta Ochric. For use in MLRA 151 of LRR T. A layer 10 cm (4 inches) or more thick in which 60 percent or more of the matrix has value of 4 or more and chroma of 2 or less and there are no redox concentrations. This layer starts at a depth of 20 cm (8 inches) or less from the soil surface.,"USDA NRCS/NTCHS, Field Indicators of Hydric Soils in the United States, Version 9.3 (2026), with February 2026 errata"
F18,Reduced Vertic,F,APPROVED,MLRA 150 of LRR T; for testing in all LRRs with Vertisols and Vertic intergrades,See applicable_LRR text for exceptions/restrictions,,,,,,,,,,,,,,,,Approved rule transcribed; not executable in this first high-confidence implementation,30,"F18.—Reduced Vertic. For use in MLRA 150 of LRR T; for testing in all LRRs with Vertisols and Vertic intergrades. In Vertisols and Vertic intergrades, a positive reaction to alpha-alpha-dipyridyl that: 1. is the dominant (60 percent or more) condition of a layer 10 cm (4 inches) or more thick starting at a depth of 30 cm (12 inches) or less; or 5 cm (2 inches) or more thick starting 31 Field Indicators of Hydric Soils at a depth 15 cm (6 inches) or less from the muck or mineral surface, 2. occurs for 7 or more continuous days and 28 cumulative days, and 3. occurs during a normal or drier season and month.","USDA NRCS/NTCHS, Field Indicators of Hydric Soils in the United States, Version 9.3 (2026), with February 2026 errata"
F19,Piedmont Flood Plain Soils,F,APPROVED,"MLRAs 148 and 149A of LRR S; for testing on flood plains subject to piedmont deposition throughout LRRs P, S, and T. On flood plains, a mineral layer 15 cm (6 inches) or more thick, starting at a depth of 25 cm (10 inches) or less from the soil surface, with a matrix (60 percent or more of the volume) chroma of less than 4 and 20 percent or more distinct or prominent redox concentrations occurring as soft masses or pore linings.",See applicable_LRR text for exceptions/restrictions,,,,,,,,,,,,,,,,Approved rule transcribed; not executable in this first high-confidence implementation,31,"F19.—Piedmont Flood Plain Soils. For use in MLRAs 148 and 149A of LRR S; for testing on flood plains subject to piedmont deposition throughout LRRs P, S, and T. On flood plains, a mineral layer 15 cm (6 inches) or more thick, starting at a depth of 25 cm (10 inches) or less from the soil surface, with a matrix (60 percent or more of the volume) chroma of less than 4 and 20 percent or more distinct or prominent redox concentrations occurring as soft masses or pore linings.","USDA NRCS/NTCHS, Field Indicators of Hydric Soils in the United States, Version 9.3 (2026), with February 2026 errata"
F20,Anomalous Bright Loamy Soils,F,APPROVED,"MLRA 149A of LRR S and MLRAs 153C and 153D of LRR T; for testing in MLRA 153B of Figure 39.—Indicator F19, Piedmont Flood Plain Soils. This indicator is restricted to active flood plains. It does not require a matrix color with chroma of 2 or less. LRR T. Within 200 m (656 feet) from estuarine marshes or water and at a depth 1 m (3.28 feet) or less of mean high water, a mineral layer 10 cm (4 inches) or more thick, starting at a depth of 20 cm (8 inches) or less from the soil surface, with a matrix (60 percent or more of the volume) chroma of less than 5 and 10 percent or more distinct or prominent redox concentrations occurring as soft masses or pore linings and/or depletions.",See applicable_LRR text for exceptions/restrictions,,,,,,,,,,,,,,,,Approved rule transcribed; not executable in this first high-confidence implementation,31,"F20.—Anomalous Bright Loamy Soils. For use in MLRA 149A of LRR S and MLRAs 153C and 153D of LRR T; for testing in MLRA 153B of Figure 39.—Indicator F19, Piedmont Flood Plain Soils. This indicator is restricted to active flood plains. It does not require a matrix color with chroma of 2 or less. LRR T. Within 200 m (656 feet) from estuarine marshes or water and at a depth 1 m (3.28 feet) or less of mean high water, a mineral layer 10 cm (4 inches) or more thick, starting at a depth of 20 cm (8 inches) or less from the soil surface, with a matrix (60 percent or more of the volume) chroma of less than 5 and 10 percent or more distinct or prominent redox concentrations occurring as soft masses or pore linings and/or depletions.","USDA NRCS/NTCHS, Field Indicators of Hydric Soils in the United States, Version 9.3 (2026), with February 2026 errata"
F21,Red Parent Material,F,APPROVED,MLRA 127 of LRR N; MLRA 145 of LRR R; and MLRAs 147 and 148 of LRR S; for testing in all soils derived from red parent materials,See applicable_LRR text for exceptions/restrictions,,,,,,,,,,,,,,,,Approved rule transcribed; not executable in this first high-confidence implementation,31,"F21.—Red Parent Material. For use in MLRA 127 of LRR N; MLRA 145 of LRR R; and MLRAs 147 and 148 of LRR S; for testing in all soils derived from red parent materials. A layer derived from red parent materials (see “Glossary”) that is 10 cm (4 inches) or more thick, starting at a depth of 25 cm (10 Inches) or less from the soil surface with a hue of 7.5YR or redder. The matrix has a value and chroma of more than 2 to less than or equal to 4. The layer must contain 10 or more percent depletions and/or distinct or prominent concentrations occurring as soft masses or pore 32 Field Indicators of Hydric Soils Figure 40.—Indicator F20, Anomalous Bright Loamy Soils. This indicator is restricted to areas near estuarine marshes or water. It does not require a matrix color with chroma of 2 or less. linings. Redox depletions should differ in color by having 1. a minimum difference of one value higher and one chroma lower than the matrix, or 2. value of 4 or more and chroma of 2 or less than the matrix (fig. 41).","USDA NRCS/NTCHS, Field Indicators of Hydric Soils in the United States, Version 9.3 (2026), with February 2026 errata"
F22,Very Shallow Dark Surface,F,APPROVED,MLRA 138 and west Florida portions of MLRA 152A of LRR T and MLRA 154 of LRR U; for testing in all other MLRAs and LRRs,See applicable_LRR text for exceptions/restrictions,,,,,,,,,,,,,,,,Approved rule transcribed; not executable in this first high-confidence implementation,33,"F22.—Very Shallow Dark Surface. For use in MLRA 138 and west Florida portions of MLRA 152A of LRR T and MLRA 154 of LRR U; for testing in all other MLRAs and LRRs. In depressions and flood plains subject to frequent ponding and/or flooding, one of the following must be observed: 1. If bedrock occurs between 15 cm (6 inches) and 25 cm (10 inches) of the soil surface, a layer of 15 cm (6 inches) or more thick starting at a depth 10 cm (4 inches) or less from the soil surface with value of 2.5 or less and chroma 1 or less, and the remaining soil to bedrock must have the same colors as above or any other color that has chroma of 2 or less; or 2. If bedrock occurs at a depth of 15 cm (6 inches) or less from the soil surface, more than half of the soil thickness must have value of 2.5 or less and chroma 1 or less, and the remaining soil to bedrock must have the same color as above or any other color that has a chroma of 2 or less. 35","USDA NRCS/NTCHS, Field Indicators of Hydric Soils in the United States, Version 9.3 (2026), with February 2026 errata"
